"Name","TID","Type","TypeCN","Disabled","ExistsApple","ExistsAndroid","ExistsCN","DisabledCN","ExistsAppleCN","ExistsAndroidCN","Diamonds","USD","Order","RMB","TencentID","IconExportName","FrameNumber","StarterPackNumber","XpLevelReq","ValueFactor","LabelTID","LabelValue","Bg","Decor","IsPromotion","Coins","RefundGemValue","PricePointGemValue","SCIDStore","PremiumPass"
"String","String","int","int","boolean","boolean","boolean","boolean","boolean","boolean","boolean","int","int","int","int","string","string","int","int","int","int","String","int","int","int","boolean","int","int","int","boolean","boolean"
"com.supercell.laser.gempack0","TID_SHOP_GEM_PACK_1_TITLE",1,,,"TRUE","TRUE","FALSE","TRUE",,,30,199,1,,,"shop_gem_0",0,,,,,,,,,,30,,,
"com.supercell.laser.gempack1","TID_SHOP_GEM_PACK_2_TITLE",1,,,"TRUE","TRUE","FALSE","TRUE",,,80,499,2,,,"shop_gem_1",1,,,,,,,,,,80,,,
"com.supercell.laser.gempack2","TID_SHOP_GEM_PACK_3_TITLE",1,,,"TRUE","TRUE","FALSE","TRUE",,,170,999,3,,,"shop_gem_2",2,,,,"TID_SHOP_LABEL_POPULAR",,,,,,170,,,
"com.supercell.laser.gempack3","TID_SHOP_GEM_PACK_4_TITLE",1,,,"TRUE","TRUE","FALSE","TRUE",,,360,1999,4,,,"shop_gem_3",3,,,,,,,,,,360,,,
"com.supercell.laser.gempack4","TID_SHOP_GEM_PACK_5_TITLE",1,,,"TRUE","TRUE","FALSE","TRUE",,,950,4999,5,,,"shop_gem_4",4,,,,,,,,,,950,,,
"com.supercell.laser.gempack5","TID_SHOP_GEM_PACK_6_TITLE",1,,,"TRUE","TRUE","FALSE","TRUE",,,2000,9999,6,,,"shop_gem_5",5,,,,"TID_SHOP_LABEL_BEST_VALUE",,,,,,2000,,,
"com.supercell.laser.starterpack1","TID_STARTER_PACK_1",2,,"TRUE","FALSE","FALSE","FALSE","TRUE",,,110,299,0,,,,,1,5,4,,,1,0,,600,181,,,
"com.supercell.laser.starterpack2","TID_STARTER_PACK_2",2,,"TRUE","FALSE","FALSE","FALSE","TRUE",,,190,399,0,,,,,2,15,4,,,1,0,,450,243,,,
"com.supercell.laser.starterpack3","TID_STARTER_PACK_3",2,,"TRUE","FALSE","FALSE","FALSE","TRUE",,,240,499,0,,,,,3,25,4,,,1,0,,700,322,,,
"com.supercell.laser.starterpack4","TID_STARTER_PACK_4",2,,"TRUE","FALSE","FALSE","FALSE","TRUE",,,320,599,0,,,,,4,35,4,,,1,0,,700,402,,,
"com.supercell.laser.xmas2018pack","TID_IAP_XMAS2018_PACK",3,,"TRUE","FALSE","FALSE","FALSE","TRUE",,,330,499,9,,,,,,,4,,,3,1,,,330,,,
"com.supercell.laser.starterpackx","TID_STARTER_PACK_0",2,,"TRUE","FALSE","FALSE","FALSE","TRUE",,,330,499,0,,,,,0,0,4,,,1,3,,,330,,,
"com.supercell.laser.starterpack5","TID_STARTER_PACK_5",2,,"TRUE","FALSE","FALSE","FALSE","TRUE",,,340,699,0,,,,,5,50,4,,,1,0,,900,446,,,
"com.supercell.laser.starterpack6","TID_STARTER_PACK_6",2,,"TRUE","FALSE","FALSE","FALSE","TRUE",,,420,799,0,,,,,6,75,4,,,1,0,,900,526,,,
"com.supercell.laser.starterpack7","TID_STARTER_PACK_7",2,,"TRUE","FALSE","FALSE","FALSE","TRUE",,,390,899,0,,,,,7,100,4,,,1,0,,2000,625,,,
"com.supercell.laser.lny2019pack","TID_IAP_LNY2019_PACK",3,,"TRUE","FALSE","FALSE","FALSE","TRUE",,,330,999,9,,,,,,,3,,,3,2,,1500,506,,,
"com.supercell.laser.march2019pack","TID_IAP_REFRESHER_PACK",3,,"TRUE","FALSE","FALSE","FALSE","TRUE",,,191,499,9,,,,,,,4,,,1,3,,1111,322,,,
"com.supercell.laser.starterpack8","TID_STARTER_PACK_8",2,,"TRUE","FALSE","FALSE","FALSE","TRUE",,,470,999,0,,,,,8,125,4,,,1,0,,2000,705,,,
"com.supercell.laser.goldenweek","TID_IAP_GOLDENWEEK_PACK",3,,"TRUE","FALSE","FALSE","FALSE","TRUE",,,330,999,9,,,,,,,3,,,4,4,,1500,506,,,
"com.supercell.laser.retropolisgempack","TID_IAP_RETROPOLIS_PACK",3,,"TRUE","FALSE","FALSE","FALSE","TRUE",,,250,499,0,,,,,,,3,,,4,5,,,250,,,
"com.supercell.laser.retropoliscoins1","TID_IAP_RETROCOIN_PACK_1",3,,"TRUE","FALSE","FALSE","FALSE","TRUE",,,0,499,0,,,,,,,3,,,3,5,,2100,247,,,
"com.supercell.laser.retropoliscoins2","TID_IAP_RETROCOIN_PACK_2",3,,"TRUE","FALSE","FALSE","FALSE","TRUE",,,0,499,1,,,,,,,3,,,3,5,,2100,247,,,
"com.supercell.laser.retropoliscoins3","TID_IAP_RETROCOIN_PACK_3",3,,"TRUE","FALSE","FALSE","FALSE","TRUE",,,0,499,2,,,,,,,3,,,3,5,,2100,247,,,
"com.supercell.laser.sprinkle0","TID_PROMOCODE_PACK",4,,,"FALSE","TRUE","FALSE","TRUE",,,80,99,9,,,,,,,,,,,,"TRUE",0,0,,,
"com.supercell.laser.sprinkle1","TID_PROMOCODE_PACK",4,,,"FALSE","TRUE","FALSE","TRUE",,,1,99,9,,,,,,,,,,,,"TRUE",0,0,,,
"com.supercell.laser.sprinkle2","TID_PROMOCODE_PACK",4,,,"FALSE","TRUE","FALSE","TRUE",,,80,99,9,,,,,,,,,,,,"TRUE",0,0,,,
"com.supercell.laser.sprinkle3","TID_PROMOCODE_PACK",4,,,"FALSE","TRUE","FALSE","TRUE",,,0,99,9,,,,,,,,,,,,"TRUE",0,0,,,
"com.supercell.laser.sprinkle4","TID_PROMOCODE_PACK",4,,,"FALSE","TRUE","FALSE","TRUE",,,0,99,9,,,,,,,,,,,,"TRUE",0,0,,,
"com.supercell.laser.sprinkle5","TID_PROMOCODE_PACK",4,,,"FALSE","TRUE","FALSE","TRUE",,,0,99,9,,,,,,,,,,,,"TRUE",0,0,,,
"com.supercell.laser.sprinkle6","TID_PROMOCODE_PACK",4,,,"FALSE","TRUE","FALSE","TRUE",,,0,99,9,,,,,,,,,,,,"TRUE",0,0,,,
"com.supercell.laser.sprinkle7","TID_PROMOCODE_PACK",4,,,"FALSE","TRUE","FALSE","TRUE",,,0,99,9,,,,,,,,,,,,"TRUE",0,0,,,
"com.supercell.laser.sprinkle8","TID_PROMOCODE_PACK",4,,,"FALSE","TRUE","FALSE","TRUE",,,0,99,9,,,,,,,,,,,,"TRUE",0,0,,,
"com.supercell.laser.sprinkle9","TID_PROMOCODE_PACK",4,,,"FALSE","TRUE","FALSE","TRUE",,,0,99,9,,,,,,,,,,,,"TRUE",0,0,,,
"com.supercell.laser.som1","TID_IAP_SOM_PACK_1",3,,"TRUE","FALSE","FALSE","FALSE","TRUE",,,0,499,9,,,,,,,2,,,3,4,,1700,200,,,
"com.supercell.laser.som2","TID_IAP_SOM_PACK_2",3,,"TRUE","FALSE","FALSE","FALSE","TRUE",,,0,999,9,,,,,,,2,,,3,4,,4200,494,,,
"com.supercell.laser.som3","TID_IAP_SOM_PACK_3",3,,"TRUE","FALSE","FALSE","FALSE","TRUE",,,820,1999,9,,,,,,,2,,,1,4,,0,820,,,
"com.supercell.laser.som4","TID_IAP_SOM_PACK_4",3,,"TRUE","FALSE","FALSE","FALSE","TRUE",,,570,999,9,,,,,,,4,,,1,4,,2000,805,,,
"com.supercell.laser.august1","TID_IAP_AUGUST_PACK_1",3,,"TRUE","FALSE","FALSE","FALSE","TRUE",,,370,999,9,,,,,,,3,,,1,4,,2000,605,,,
"com.supercell.laser.august2","TID_IAP_AUGUST_PACK_2",3,,"TRUE","FALSE","FALSE","FALSE","TRUE",,,790,1999,9,,,,,,,3,,,1,4,,2000,1025,,,
"com.supercell.laser.flash1","TID_IAP_FLASH_PACK_1",3,,"TRUE","FALSE","FALSE","FALSE","TRUE",,,100,499,9,,,,,,,,"TID_BEST_VALUE_EXTRA",25,4,4,,0,100,,,
"com.supercell.laser.flash2","TID_IAP_FLASH_PACK_2",3,,"TRUE","FALSE","FALSE","FALSE","TRUE",,,1100,2999,9,,,,,,,4,,,1,4,,8000,2041,,,
"com.supercell.laser.moon191","TID_IAP_MOON_19_PACK_1",3,,"TRUE","FALSE","FALSE","FALSE","TRUE",,,260,999,9,,,,,,,3,,,1,4,,2000,495,,,
"com.supercell.laser.moon192","TID_IAP_MOON_19_PACK_2",3,,"TRUE","FALSE","FALSE","FALSE","TRUE",,,1250,4999,9,,,,,,,,"TID_BEST_VALUE_EXTRA",30,4,4,,0,1250,,,
"com.supercell.laser.b2s191","TID_IAP_B2S_19_PACK_1",3,,"TRUE","FALSE","FALSE","FALSE","TRUE",,,340,999,9,,,,,,,3,,,1,4,,1500,516,,,
"com.supercell.laser.b2s192","TID_IAP_B2S_19_PACK_2",3,,"TRUE","FALSE","FALSE","FALSE","TRUE",,,0,499,9,,,,,,,5,,,3,4,,3500,412,,,
"com.supercell.laser.b2s193","TID_IAP_B2S_19_PACK_3",3,,"TRUE","FALSE","FALSE","FALSE","TRUE",,,45,199,9,,,,,,,,"TID_BEST_VALUE_EXTRA",50,4,4,,0,45,,,
"com.supercell.laser.cw191","TID_IAP_CYBER_WEEK_19_1",3,,"TRUE","FALSE","FALSE","FALSE","TRUE",,,80,199,9,,,,,,,,"TID_BEST_VALUE_DISCOUNT",60,1,4,,0,80,,,
"com.supercell.laser.cw192","TID_IAP_CYBER_WEEK_19_2",3,,"TRUE","FALSE","FALSE","FALSE","TRUE",,,0,499,9,,,,,,,3,,,3,4,,2100,247,,,
"com.supercell.laser.cw193","TID_IAP_CYBER_WEEK_19_3",3,,"TRUE","FALSE","FALSE","FALSE","TRUE",,,190,299,9,,,,,,,5,,,1,4,,500,249,,,
"com.supercell.laser.gstar2019","TID_IAP_GSTAR2019_FINALS",3,,"TRUE","FALSE","FALSE","FALSE","TRUE",,,1110,4999,9,,,,,,,3,,,6,4,,12000,2522,,,
"com.supercell.laser.bow191","TID_IAP_BRAWLOWEEN_19_1",3,,"TRUE","FALSE","FALSE","FALSE","TRUE",,,420,999,9,,,,,,,4,,,1,4,,2100,667,,,
"com.supercell.laser.bow192","TID_IAP_BRAWLOWEEN_19_2",3,,"TRUE","FALSE","FALSE","FALSE","TRUE",,,0,699,9,,,,,,,3,,,3,4,,3000,353,,,
"com.supercell.laser.bow193","TID_IAP_BRAWLOWEEN_19_3",3,,"TRUE","FALSE","FALSE","FALSE","TRUE",,,380,1499,9,,,,,,,,"TID_BEST_VALUE_DISCOUNT",25,4,4,,0,380,,,
"com.supercell.laser.arabic01","TID_IAP_ARABIC_19_1",3,,"TRUE","FALSE","FALSE","FALSE","TRUE",,,110,199,9,,,,,,,5,,,1,4,,480,166,,,
"com.supercell.laser.arabic02","TID_IAP_ARABIC_19_2",3,,"TRUE","FALSE","FALSE","FALSE","TRUE",,,0,499,9,,,,,,,4,,,3,4,,2800,329,,,
"com.supercell.laser.xmas190","TID_IAP_XMAS_19_0",3,,"TRUE","FALSE","FALSE","FALSE","TRUE",,,360,999,9,,,,,,,3,,,7,4,,1200,501,,,
"com.supercell.laser.xmas191","TID_IAP_XMAS_19_1",3,,"TRUE","FALSE","FALSE","FALSE","TRUE",,,80,99,9,,,,,,,5,,,7,4,,0,80,,,
"com.supercell.laser.xmas192","TID_IAP_XMAS_19_2",3,,"TRUE","FALSE","FALSE","FALSE","TRUE",,,340,499,9,,,,,,,5,,,7,4,,600,411,,,
"com.supercell.laser.xmas193","TID_IAP_XMAS_19_3",3,,"TRUE","FALSE","FALSE","FALSE","TRUE",,,510,999,9,,,,,,,5,,,7,4,,2700,828,,,
"com.supercell.laser.xmas194","TID_IAP_XMAS_19_4",3,,"TRUE","FALSE","FALSE","FALSE","TRUE",,,930,1999,9,,,,,,,5,,,7,4,,6000,1636,,,
"com.supercell.laser.cp1119","TID_IAP_COINPACK_11_19",3,,"TRUE","FALSE","FALSE","FALSE","TRUE",,,0,299,9,,,,,,,3,,,3,4,,1250,147,,,
"com.supercell.laser.xmas195","TID_IAP_XMAS_19_GENERIC",3,,"TRUE","FALSE","FALSE","FALSE","TRUE",,,160,199,9,,,,,,,5,,,7,4,,0,160,,,
"com.supercell.laser.xmas196","TID_IAP_XMAS_19_GENERIC",3,,"TRUE","FALSE","FALSE","FALSE","TRUE",,,470,699,9,,,,,,,5,,,7,4,,900,576,,,
"com.supercell.laser.xmas197","TID_IAP_XMAS_19_GENERIC",3,,"TRUE","FALSE","FALSE","FALSE","TRUE",,,640,1299,9,,,,,,,5,,,7,4,,3500,1052,,,
"com.supercell.laser.xmas198","TID_IAP_XMAS_19_GENERIC",3,,"TRUE","FALSE","FALSE","FALSE","TRUE",,,1140,2499,9,,,,,,,5,,,7,4,,8000,2081,,,
"com.supercell.laser.xmas199","TID_IAP_XMAS_19_GENERIC",3,,"TRUE","FALSE","FALSE","FALSE","TRUE",,,160,299,9,,,,,,,5,,,7,4,,700,242,,,
"com.supercell.laser.xmas200","TID_IAP_XMAS_19_GENERIC",3,,"TRUE","FALSE","FALSE","FALSE","TRUE",,,470,799,9,,,,,,,5,,,7,4,,1700,670,,,
"com.supercell.laser.xmas201","TID_IAP_XMAS_19_GENERIC",3,,"TRUE","FALSE","FALSE","FALSE","TRUE",,,640,1499,9,,,,,,,5,,,7,4,,5100,1240,,,
"com.supercell.laser.xmas202","TID_IAP_XMAS_19_GENERIC",3,,"TRUE","FALSE","FALSE","FALSE","TRUE",,,1140,2999,9,,,,,,,5,,,7,4,,11500,2493,,,
"com.supercell.laser.ny201","TID_IAP_NEW_YEAR_20",3,,"TRUE","FALSE","FALSE","FALSE","TRUE",,,180,499,9,,,,,,,3,,,1,4,,600,251,,,
"com.supercell.laser.cp0120","TID_IAP_COINPACK_GENERIC",3,,"TRUE","FALSE","FALSE","FALSE","TRUE",,,0,99,9,,,,,,,4,,,3,4,,550,65,,,
"com.supercell.laser.cp0121","TID_IAP_COINPACK_GENERIC",3,,"TRUE","FALSE","FALSE","FALSE","TRUE",,,0,199,9,,,,,,,3,,,3,4,,1400,165,,,
"com.supercell.laser.lny201","TID_IAP_LNY2020",3,,"TRUE","FALSE","FALSE","FALSE","TRUE",,,160,299,9,,,,,,,5,,,8,4,,800,254,,,
"com.supercell.laser.lny202","TID_IAP_LNY2020",3,,"TRUE","FALSE","FALSE","FALSE","TRUE",,,160,299,9,,,,,,,4,,,8,4,,350,201,,,
"com.supercell.laser.lny203","TID_IAP_LNY2020",3,,"TRUE","FALSE","FALSE","FALSE","TRUE",,,230,499,9,,,,,,,4,,,8,4,,900,336,,,
"com.supercell.laser.lny204","TID_IAP_LNY2020",3,,"TRUE","FALSE","FALSE","FALSE","TRUE",,,460,999,9,,,,,,,4,,,8,4,,1700,660,,,
"com.supercell.laser.lny205","TID_IAP_LNY2020",3,,"TRUE","FALSE","FALSE","FALSE","TRUE",,,900,1999,9,,,,,,,4,,,8,4,,3600,1324,,,
"com.supercell.laser.lny206","TID_IAP_LNY2020",3,,"TRUE","FALSE","FALSE","FALSE","TRUE",,,240,399,9,,,,,,,5,,,8,4,,800,334,,,
"com.supercell.laser.lny207","TID_IAP_LNY2020",3,,"TRUE","FALSE","FALSE","FALSE","TRUE",,,240,499,9,,,,,,,4,,,8,4,,800,334,,,
"com.supercell.laser.lny208","TID_IAP_LNY2020",3,,"TRUE","FALSE","FALSE","FALSE","TRUE",,,520,999,9,,,,,,,4,,,8,4,,1200,661,,,
"com.supercell.laser.lny209","TID_IAP_LNY2020",3,,"TRUE","FALSE","FALSE","FALSE","TRUE",,,750,1499,9,,,,,,,4,,,8,4,,2100,997,,,
"com.supercell.laser.lny2010","TID_IAP_LNY2020",3,,"TRUE","FALSE","FALSE","FALSE","TRUE",,,1300,2999,9,,,,,,,4,,,8,4,,6000,2006,,,
"com.supercell.laser.lny2011","TID_IAP_LNY2020",3,,"TRUE","FALSE","FALSE","FALSE","TRUE",,,130,199,9,,,,,,,5,,,8,4,,300,165,,,
"com.supercell.laser.tgs201","TID_IAP_TGS2020",3,,"TRUE","FALSE","FALSE","FALSE","TRUE",,,160,499,9,,,,,,,3,,,1,4,,750,248,,,
"com.supercell.laser.tgs202","TID_IAP_TGS2020",3,,"TRUE","FALSE","FALSE","FALSE","TRUE",,,320,999,9,,,,,,,3,,,1,4,,1500,496,,,
"com.supercell.laser.vd20","TID_IAP_VD2020",3,,"TRUE","FALSE","FALSE","FALSE","TRUE",,,230,499,9,,,,,,,3,,,1,4,,300,265,,,
"com.supercell.laser.mar20","TID_IAP_MAR2020",3,,"TRUE","FALSE","FALSE","FALSE","TRUE",,,470,999,9,,,,,,,3,,,1,4,,200,494,,,
"com.supercell.laser.brawlpass0","TID_SHOP_SPECIAL_OFFER",5,,"TRUE","FALSE","FALSE","FALSE","TRUE",,,0,499,0,,,,,,,,,,,,,,0,,,
"com.supercell.laser.brawlpass1","TID_SHOP_SPECIAL_OFFER",5,,"TRUE","FALSE","FALSE","FALSE","TRUE",,,0,499,0,,,,,,,,,,,,,,0,,,
"com.supercell.laser.0320gp","TID_SHOP_SPECIAL_OFFER",3,,"TRUE","FALSE","FALSE","FALSE","TRUE",,,415,1999,9,,,,,,,,"TID_BEST_VALUE_EXTRA",15,4,4,,0,415,,,
"com.supercell.laser.0320backup","TID_SHOP_SPECIAL_OFFER",3,,"TRUE","FALSE","FALSE","FALSE","TRUE",,,270,499,9,,,,,,,3,,,1,4,,0,270,,,
"com.supercell.laser.bundle099","TID_IAP_BUNDLE_OFFER",6,,,"TRUE","TRUE","FALSE","TRUE",,,0,99,0,,,,,,,,,,,,,,,15,,
"com.supercell.laser.bundle199","TID_IAP_BUNDLE_OFFER",6,,,"TRUE","TRUE","FALSE","TRUE",,,0,199,0,,,,,,,,,,,,,,,30,,
"com.supercell.laser.bundle299","TID_IAP_BUNDLE_OFFER",6,,,"TRUE","TRUE","FALSE","TRUE",,,0,299,0,,,,,,,,,,,,,,,48,,
"com.supercell.laser.bundle399","TID_IAP_BUNDLE_OFFER",6,,,"TRUE","TRUE","FALSE","TRUE",,,0,399,0,,,,,,,,,,,,,,,64,,
"com.supercell.laser.bundle499","TID_IAP_BUNDLE_OFFER",6,,,"TRUE","TRUE","FALSE","TRUE",,,0,499,0,,,,,,,,,,,,,,,80,,
"com.supercell.laser.bundle599","TID_IAP_BUNDLE_OFFER",6,,,"TRUE","TRUE","FALSE","TRUE",,,0,599,0,,,,,,,,,,,,,,,102,,
"com.supercell.laser.bundle699","TID_IAP_BUNDLE_OFFER",6,,,"TRUE","TRUE","FALSE","TRUE",,,0,699,0,,,,,,,,,,,,,,,119,,
"com.supercell.laser.bundle799","TID_IAP_BUNDLE_OFFER",6,,,"TRUE","TRUE","FALSE","TRUE",,,0,799,0,,,,,,,,,,,,,,,136,,
"com.supercell.laser.bundle899","TID_IAP_BUNDLE_OFFER",6,,,"TRUE","TRUE","FALSE","TRUE",,,0,899,0,,,,,,,,,,,,,,,153,,
"com.supercell.laser.bundle999","TID_IAP_BUNDLE_OFFER",6,,,"TRUE","TRUE","FALSE","TRUE",,,0,999,0,,,,,,,,,,,,,,,170,,
"com.supercell.laser.bundle1099","TID_IAP_BUNDLE_OFFER",6,,,"TRUE","TRUE","FALSE","TRUE",,,0,1099,0,,,,,,,,,,,,,,,198,,
"com.supercell.laser.bundle1199","TID_IAP_BUNDLE_OFFER",6,,,"TRUE","TRUE","FALSE","TRUE",,,0,1199,0,,,,,,,,,,,,,,,216,,
"com.supercell.laser.bundle1299","TID_IAP_BUNDLE_OFFER",6,,,"TRUE","TRUE","FALSE","TRUE",,,0,1299,0,,,,,,,,,,,,,,,234,,
"com.supercell.laser.bundle1399","TID_IAP_BUNDLE_OFFER",6,,,"TRUE","TRUE","FALSE","TRUE",,,0,1399,0,,,,,,,,,,,,,,,252,,
"com.supercell.laser.bundle1499","TID_IAP_BUNDLE_OFFER",6,,,"TRUE","TRUE","FALSE","TRUE",,,0,1499,0,,,,,,,,,,,,,,,270,,
"com.supercell.laser.bundle1599","TID_IAP_BUNDLE_OFFER",6,,,"TRUE","TRUE","FALSE","TRUE",,,0,1599,0,,,,,,,,,,,,,,,288,,
"com.supercell.laser.bundle1699","TID_IAP_BUNDLE_OFFER",6,,,"TRUE","TRUE","FALSE","TRUE",,,0,1699,0,,,,,,,,,,,,,,,306,,
"com.supercell.laser.bundle1799","TID_IAP_BUNDLE_OFFER",6,,,"TRUE","TRUE","FALSE","TRUE",,,0,1799,0,,,,,,,,,,,,,,,324,,
"com.supercell.laser.bundle1899","TID_IAP_BUNDLE_OFFER",6,,,"TRUE","TRUE","FALSE","TRUE",,,0,1899,0,,,,,,,,,,,,,,,342,,
"com.supercell.laser.bundle1999","TID_IAP_BUNDLE_OFFER",6,,,"TRUE","TRUE","FALSE","TRUE",,,0,1999,0,,,,,,,,,,,,,,,360,,
"com.supercell.laser.bundle2999","TID_IAP_BUNDLE_OFFER",6,,,"TRUE","TRUE","FALSE","TRUE",,,0,2999,0,,,,,,,,,,,,,,,570,,
"com.supercell.laser.bundle3999","TID_IAP_BUNDLE_OFFER",6,,,"TRUE","TRUE","FALSE","TRUE",,,0,3999,0,,,,,,,,,,,,,,,760,,
"com.supercell.laser.bundle4999","TID_IAP_BUNDLE_OFFER",6,,,"TRUE","TRUE","FALSE","TRUE",,,0,4999,0,,,,,,,,,,,,,,,950,,
"com.supercell.laser.bundle9999","TID_IAP_BUNDLE_OFFER",6,,,"TRUE","TRUE","FALSE","TRUE",,,0,9999,0,,,,,,,,,,,,,,,2000,,
"com.supercell.laser.psg1","TID_IAP_PSG_WEEKEND",3,,"TRUE","FALSE","FALSE","FALSE","TRUE",,,240,499,0,,,,,,,4,,,1,4,,700,322,,,
"com.supercell.laser.psg2","TID_IAP_PSG_WEEKEND",3,,"TRUE","FALSE","FALSE","FALSE","TRUE",,,490,999,0,,,,,,,4,,,1,4,,1700,690,,,
"com.supercell.laser.04200","TID_IAP_APRIL20_0",3,,"TRUE","FALSE","FALSE","FALSE","TRUE",,,160,499,0,,,,,,,3,,,1,4,,700,242,,,
"com.supercell.laser.gw200","TID_IAP_GOLDENWEEK20",3,,"TRUE","FALSE","FALSE","FALSE","TRUE",,,320,499,0,,,,,,,5,,,1,4,,700,402,,,
"com.supercell.laser.gw201","TID_IAP_GOLDENWEEK20",3,,"TRUE","FALSE","FALSE","FALSE","TRUE",,,570,999,0,,,,,,,5,,,1,4,,2400,852,,,
"com.supercell.laser.gw202","TID_IAP_GOLDENWEEK20",3,,"TRUE","FALSE","FALSE","FALSE","TRUE",,,1740,2999,0,,,,,,,5,,,1,4,,8200,2705,,,
"com.supercell.laser.04201","TID_IAP_APRIL20_1",3,,"TRUE","FALSE","FALSE","FALSE","TRUE",,,80,199,0,,,,,,,4,,,1,4,,350,121,,,
"com.supercell.laser.04202","TID_IAP_APRIL20_2",3,,"TRUE","FALSE","FALSE","FALSE","TRUE",,,0,299,0,,,,,,,4,,,3,4,,1100,129,,,
"com.supercell.laser.sc101","TID_IAP_SC10_1",3,,"TRUE","FALSE","FALSE","FALSE","TRUE",,,200,499,0,,,,,,,4,,,1,4,,1100,329,,,
"com.supercell.laser.sc102","TID_IAP_SC10_2",3,,"TRUE","FALSE","FALSE","FALSE","TRUE",,,400,999,0,,,,,,,4,,,1,4,,2400,682,,,
"com.supercell.laser.0620","TID_IAP_0620",3,,"TRUE","FALSE","FALSE","FALSE","TRUE",,,160,499,0,,,,,,,3,,,1,4,,700,242,,,
"com.supercell.laser.0720","TID_IAP_0720",3,,"TRUE","FALSE","FALSE","FALSE","TRUE",,,160,499,0,,,,,,,3,,,1,4,,700,242,,,
"com.supercell.laser.0520c","TID_IAP_0520C",3,,"TRUE","FALSE","FALSE","FALSE","TRUE",,,110,199,0,,,,,,,5,,,1,4,,350,151,,,
"com.supercell.laser.0620c","TID_IAP_0620C",3,,"TRUE","FALSE","FALSE","FALSE","TRUE",,,205,299,0,,,,,,,5,,,1,4,,250,234,,,
"com.supercell.laser.0620d","TID_IAP_0620D",3,,"TRUE","FALSE","FALSE","FALSE","TRUE",,,410,999,0,,,,,,,5,,,1,4,,4000,881,,,
"com.supercell.laser.ms201","TID_IAP_MS20_1",3,,"TRUE","FALSE","FALSE","FALSE","TRUE",,,125,299,0,,,,,,,4,,,1,4,,500,184,,,
"com.supercell.laser.ms202","TID_IAP_MS20_2",3,,"TRUE","FALSE","FALSE","FALSE","TRUE",,,240,499,0,,,,,,,4,,,1,4,,700,322,,,
"com.supercell.laser.ms203","TID_IAP_MS20_3",3,,"TRUE","FALSE","FALSE","FALSE","TRUE",,,760,1999,0,,,,,,,4,,,1,4,,6000,1466,,,
"com.supercell.laser.coins0620","TID_IAP_COINS_0620",3,,"TRUE","FALSE","FALSE","FALSE","TRUE",,,0,499,0,,,,,,,6,,,3,4,,4000,471,,,
"com.supercell.laser.0520g","TID_IAP_0520G",3,,"TRUE","FALSE","FALSE","FALSE","TRUE",,,1200,4999,0,,,,,,,,"TID_BEST_VALUE_EXTRA",25,4,4,,0,1200,,,
"com.supercell.laser_cn.gempack0","TID_SHOP_GEM_PACK_1_TITLE",,1,"TRUE",,,"TRUE",,"TRUE","TRUE",30,199,1,1200,"GD2020041015865097539219","shop_gem_0",0,,,,,,,,,,30,,,
"com.supercell.laser_cn.gempack1","TID_SHOP_GEM_PACK_2_TITLE",,1,"TRUE",,,"TRUE",,"TRUE","TRUE",80,499,2,3000,"GD2020041015865097822442","shop_gem_1",1,,,,,,,,,,80,,,
"com.supercell.laser_cn.gempack2","TID_SHOP_GEM_PACK_3_TITLE",,1,"TRUE",,,"TRUE",,"TRUE","TRUE",170,999,3,6800,"GD2020041015865098164257","shop_gem_2",2,,,,"TID_SHOP_LABEL_POPULAR",,,,,,170,,,
"com.supercell.laser_cn.gempack3","TID_SHOP_GEM_PACK_4_TITLE",,1,"TRUE",,,"TRUE",,"TRUE","TRUE",360,1999,4,12800,"GD2020041015865098475583","shop_gem_3",3,,,,,,,,,,360,,,
"com.supercell.laser_cn.gempack4","TID_SHOP_GEM_PACK_5_TITLE",,1,"TRUE",,,"TRUE",,"TRUE","TRUE",950,4999,5,32800,"GD2020041015865098866520","shop_gem_4",4,,,,,,,,,,950,,,
"com.supercell.laser_cn.gempack5","TID_SHOP_GEM_PACK_6_TITLE",,1,"TRUE",,,"TRUE",,"TRUE","TRUE",2000,9999,6,64800,"GD2020041015865099143688","shop_gem_5",5,,,,"TID_SHOP_LABEL_BEST_VALUE",,,,,,2000,,,
"com.supercell.laser_cn.starterpack1","TID_STARTER_PACK_1",,2,"TRUE",,,"FALSE","TRUE","FALSE","FALSE",110,299,0,1800,"GD2020051315893438495358",,,1,5,4,,,1,0,,600,181,,,
"com.supercell.laser_cn.starterpack2","TID_STARTER_PACK_2",,2,"TRUE",,,"FALSE","TRUE","FALSE","FALSE",190,399,0,2500,"GD2020051315893554469821",,,2,15,4,,,1,0,,450,243,,,
"com.supercell.laser_cn.starterpack3","TID_STARTER_PACK_3",,2,"TRUE",,,"FALSE","TRUE","FALSE","FALSE",240,499,0,3000,"GD2020051315893556064734",,,3,25,4,,,1,0,,700,322,,,
"com.supercell.laser_cn.starterpack4","TID_STARTER_PACK_4",,2,"TRUE",,,"FALSE","TRUE","FALSE","FALSE",320,599,0,4000,"GD2020051315893556850503",,,4,35,4,,,1,0,,700,402,,,
"com.supercell.laser_cn.starterpack5","TID_STARTER_PACK_5",,2,"TRUE",,,"FALSE","TRUE","FALSE","FALSE",340,699,0,4500,"GD2020051315893557620869",,,5,50,4,,,1,0,,900,446,,,
"com.supercell.laser_cn.starterpack6","TID_STARTER_PACK_6",,2,"TRUE",,,"FALSE","TRUE","FALSE","FALSE",420,799,0,5000,"GD2020051315893558367029",,,6,75,4,,,1,0,,900,526,,,
"com.supercell.laser_cn.starterpack7","TID_STARTER_PACK_7",,2,"TRUE",,,"FALSE","TRUE","FALSE","FALSE",390,899,0,6000,"GD2020051315893559247326",,,7,100,4,,,1,0,,2000,625,,,
"com.supercell.laser_cn.starterpack8","TID_STARTER_PACK_8",,2,"TRUE",,,"FALSE","TRUE","FALSE","FALSE",470,999,0,6800,"GD2020051315893559900801",,,8,125,4,,,1,0,,2000,705,,,
"com.supercell.laser_cn.bundle099","TID_IAP_BUNDLE_OFFER",,6,"TRUE",,,"TRUE",,"TRUE","TRUE",0,99,0,600,"GD2020051315893560974566",,,,,,,,,,,,,15,,
"com.supercell.laser_cn.bundle199","TID_IAP_BUNDLE_OFFER",,6,"TRUE",,,"TRUE",,"TRUE","TRUE",0,199,0,1200,"GD2020051315893561777109",,,,,,,,,,,,,30,,
"com.supercell.laser_cn.bundle299","TID_IAP_BUNDLE_OFFER",,6,"TRUE",,,"TRUE",,"TRUE","TRUE",0,299,0,1800,"GD2020051315893562768024",,,,,,,,,,,,,48,,
"com.supercell.laser_cn.bundle399","TID_IAP_BUNDLE_OFFER",,6,"TRUE",,,"TRUE",,"TRUE","TRUE",0,399,0,2500,"GD2020051315893563393233",,,,,,,,,,,,,67,,
"com.supercell.laser_cn.bundle499","TID_IAP_BUNDLE_OFFER",,6,"TRUE",,,"TRUE",,"TRUE","TRUE",0,499,0,3000,"GD2020051315893564519131",,,,,,,,,,,,,80,,
"com.supercell.laser_cn.bundle599","TID_IAP_BUNDLE_OFFER",,6,"TRUE",,,"TRUE",,"TRUE","TRUE",0,599,0,4000,"GD2020051315893565054481",,,,,,,,,,,,,100,,
"com.supercell.laser_cn.bundle699","TID_IAP_BUNDLE_OFFER",,6,"TRUE",,,"TRUE",,"TRUE","TRUE",0,699,0,4500,"GD2020051315893565736928",,,,,,,,,,,,,113,,
"com.supercell.laser_cn.bundle799","TID_IAP_BUNDLE_OFFER",,6,"TRUE",,,"TRUE",,"TRUE","TRUE",0,799,0,5000,"GD2020051315893566861518",,,,,,,,,,,,,125,,
"com.supercell.laser_cn.bundle899","TID_IAP_BUNDLE_OFFER",,6,"TRUE",,,"TRUE",,"TRUE","TRUE",0,899,0,6000,"GD2020051315893567448771",,,,,,,,,,,,,150,,
"com.supercell.laser_cn.bundle999","TID_IAP_BUNDLE_OFFER",,6,"TRUE",,,"TRUE",,"TRUE","TRUE",0,999,0,6800,"GD2020051315893568147279",,,,,,,,,,,,,170,,
"com.supercell.laser_cn.bundle1099","TID_IAP_BUNDLE_OFFER",,6,"TRUE",,,"TRUE",,"TRUE","TRUE",0,1099,0,7300,"GD2020051315893568691926",,,,,,,,,,,,,205,,
"com.supercell.laser_cn.bundle1199","TID_IAP_BUNDLE_OFFER",,6,"TRUE",,,"TRUE",,"TRUE","TRUE",0,1199,0,7800,"GD2020051315893569305245",,,,,,,,,,,,,219,,
"com.supercell.laser_cn.bundle1299","TID_IAP_BUNDLE_OFFER",,6,"TRUE",,,"TRUE",,"TRUE","TRUE",0,1299,0,8800,"GD2020051315893570022200",,,,,,,,,,,,,248,,
"com.supercell.laser_cn.bundle1399","TID_IAP_BUNDLE_OFFER",,6,"TRUE",,,"TRUE",,"TRUE","TRUE",0,1399,0,9300,"GD2020051315893570953471",,,,,,,,,,,,,262,,
"com.supercell.laser_cn.bundle1499","TID_IAP_BUNDLE_OFFER",,6,"TRUE",,,"TRUE",,"TRUE","TRUE",0,1499,0,9800,"GD2020051315893571525843",,,,,,,,,,,,,276,,
"com.supercell.laser_cn.bundle1599","TID_IAP_BUNDLE_OFFER",,6,"TRUE",,,"TRUE",,"TRUE","TRUE",0,1599,0,10800,"GD2020051315893572164344",,,,,,,,,,,,,304,,
"com.supercell.laser_cn.bundle1699","TID_IAP_BUNDLE_OFFER",,6,"TRUE",,,"TRUE",,"TRUE","TRUE",0,1699,0,11300,"GD2020051315893573188100",,,,,,,,,,,,,318,,
"com.supercell.laser_cn.bundle1799","TID_IAP_BUNDLE_OFFER",,6,"TRUE",,,"TRUE",,"TRUE","TRUE",0,1799,0,11800,"GD2020051315893573675868",,,,,,,,,,,,,332,,
"com.supercell.laser_cn.bundle1899","TID_IAP_BUNDLE_OFFER",,6,"TRUE",,,"TRUE",,"TRUE","TRUE",0,1899,0,12300,"GD2020051315893574244963",,,,,,,,,,,,,346,,
"com.supercell.laser_cn.bundle1999","TID_IAP_BUNDLE_OFFER",,6,"TRUE",,,"TRUE",,"TRUE","TRUE",0,1999,0,12800,"GD2020051315893574803116",,,,,,,,,,,,,360,,
"com.supercell.laser_cn.bundle2999","TID_IAP_BUNDLE_OFFER",,6,"TRUE",,,"TRUE",,"TRUE","TRUE",0,2999,0,19800,"GD2020051315893575482563",,,,,,,,,,,,,573,,
"com.supercell.laser_cn.bundle3999","TID_IAP_BUNDLE_OFFER",,6,"TRUE",,,"TRUE",,"TRUE","TRUE",0,3999,0,25800,"GD2020051315893576448461",,,,,,,,,,,,,747,,
"com.supercell.laser_cn.bundle4999","TID_IAP_BUNDLE_OFFER",,6,"TRUE",,,"TRUE",,"TRUE","TRUE",0,4999,0,32800,"GD2020051315893576957327",,,,,,,,,,,,,950,,
"com.supercell.laser_cn.bundle9999","TID_IAP_BUNDLE_OFFER",,6,"TRUE",,,"TRUE",,"TRUE","TRUE",0,9999,0,64800,"GD2020051315893577550063",,,,,,,,,,,,,2000,,
"com.supercell.laser_cn.0720","TID_IAP_0720",,3,"TRUE",,,"FALSE","TRUE","FALSE","FALSE",160,499,0,3000,"GD2020051315893578491695",,,,,3,,,1,4,,700,242,,,
"com.supercell.laser_cn.0620c","TID_IAP_0620C",,3,"TRUE",,,"FALSE","TRUE","FALSE","FALSE",205,299,0,1800,"GD2020051315893579540286",,,,,5,,,1,4,,250,234,,,
"com.supercell.laser_cn.0620d","TID_IAP_0620D",,3,"TRUE",,,"FALSE","TRUE","FALSE","FALSE",410,999,0,6800,"GD2020051315893580080168",,,,,5,,,1,4,,4000,881,,,
"com.supercell.laser_cn.ms201","TID_IAP_MS20_1",,3,"TRUE",,,"FALSE","TRUE","FALSE","FALSE",125,299,0,1800,"GD2020051415894427544118",,,,,4,,,1,4,,500,184,,,
"com.supercell.laser_cn.ms202","TID_IAP_MS20_2",,3,"TRUE",,,"FALSE","TRUE","FALSE","FALSE",240,499,0,3000,"GD2020051315893581952366",,,,,4,,,1,4,,700,322,,,
"com.supercell.laser_cn.ms203","TID_IAP_MS20_3",,3,"TRUE",,,"FALSE","TRUE","FALSE","FALSE",760,1999,0,12800,"GD2020051315893582613473",,,,,4,,,1,4,,6000,1466,,,
"com.supercell.laser_cn.coins0620","TID_IAP_COINS_0620",,3,"TRUE",,,"FALSE","TRUE","FALSE","FALSE",0,499,0,3000,"GD2020051315893583148280",,,,,6,,,3,4,,4000,471,,,
"com.supercell.laser_cn.0520g","TID_IAP_0520G",,3,"TRUE",,,"FALSE","TRUE","FALSE","FALSE",1200,4999,0,32800,"GD2020051315893583984100",,,,,,"TID_BEST_VALUE_EXTRA",25,4,4,,0,1200,,,
"com.supercell.laser.som_072001","TID_IAP_SOM_072001",3,,"TRUE","FALSE","FALSE",,"TRUE",,,240,499,0,3000,,,,,,4,,,1,4,,700,322,,,
"com.supercell.laser.som_072002","TID_IAP_SOM_072002",3,,"TRUE","FALSE","FALSE",,"TRUE",,,390,999,0,6800,,,,,,3,,,1,4,,1000,508,,,
"com.supercell.laser.som_072003","TID_IAP_SOM_072003",3,,"TRUE","FALSE","FALSE",,"TRUE",,,160,499,0,3000,,,,,,3,,,1,4,,700,242,,,
"com.supercell.laser.som_072004","TID_IAP_SOM_072004",3,,"TRUE","FALSE","FALSE",,"TRUE",,,110,199,0,1200,,,,,,5,,,1,4,,350,151,,,
"com.supercell.laser.som_072005","TID_IAP_SOM_072005",3,,"TRUE","FALSE","FALSE",,"TRUE",,,110,199,0,1200,,,,,,5,,,1,4,,350,151,,,
"com.supercell.laser.som_072006","TID_IAP_SOM_072006",3,,"TRUE","FALSE","FALSE",,"TRUE",,,600,2999,0,19800,,,,,,,"TID_BEST_VALUE_EXTRA",10,4,4,,0,600,,,
"com.supercell.laser.som_072007","TID_IAP_SOM_072007",3,,"TRUE","FALSE","FALSE",,"TRUE",,,2400,9999,0,64800,,,,,,,"TID_BEST_VALUE_EXTRA",20,4,4,,0,2400,,,
"com.supercell.laser.som_072008","TID_IAP_SOM_072008",3,,"TRUE","FALSE","FALSE",,"TRUE",,,330,999,0,6800,,,,,,4,,,1,4,,3000,683,,,
"com.supercell.laser.som_072009","TID_IAP_SOM_072009",3,,"TRUE","FALSE","FALSE",,"TRUE",,,330,999,0,6800,,,,,,3,,,1,4,,2000,565,,,
"com.supercell.laser.som_072010","TID_IAP_SOM_072010",3,,"TRUE","FALSE","FALSE",,"TRUE",,,0,499,0,3000,,,,,,5,,,3,4,,3400,400,,,
"com.supercell.laser_cn.som_072001","TID_IAP_SOM_072001",,3,"TRUE",,,"FALSE","TRUE","FALSE","FALSE",240,499,0,3000,"GD2020062815933124419699",,,,,4,,,1,4,,700,322,,,
"com.supercell.laser_cn.som_072002","TID_IAP_SOM_072002",,3,"TRUE",,,"FALSE","TRUE","FALSE","FALSE",390,999,0,6800,"GD2020062815933125447645",,,,,3,,,1,4,,1000,508,,,
"com.supercell.laser_cn.som_072003","TID_IAP_SOM_072003",,3,"TRUE",,,"FALSE","TRUE","FALSE","FALSE",160,499,0,3000,"GD2020062815933127234459",,,,,3,,,1,4,,700,242,,,
"com.supercell.laser_cn.som_072004","TID_IAP_SOM_072004",,3,"TRUE",,,"FALSE","TRUE","FALSE","FALSE",110,199,0,1200,"GD2020062815933128285051",,,,,5,,,1,4,,350,151,,,
"com.supercell.laser_cn.som_072005","TID_IAP_SOM_072005",,3,"TRUE",,,"FALSE","TRUE","FALSE","FALSE",110,199,0,1200,"GD2020062815933134747209",,,,,5,,,1,4,,350,151,,,
"com.supercell.laser_cn.som_072006","TID_IAP_SOM_072006",,3,"TRUE",,,"FALSE","TRUE","FALSE","FALSE",600,2999,0,19800,"GD2020062815933130685206",,,,,,"TID_BEST_VALUE_EXTRA",10,4,4,,0,600,,,
"com.supercell.laser_cn.som_072007","TID_IAP_SOM_072007",,3,"TRUE",,,"FALSE","TRUE","FALSE","FALSE",2400,9999,0,64800,"GD2020062815933131621533",,,,,,"TID_BEST_VALUE_EXTRA",20,4,4,,0,2400,,,
"com.supercell.laser_cn.som_072008","TID_IAP_SOM_072008",,3,"TRUE",,,"FALSE","TRUE","FALSE","FALSE",330,999,0,6800,"GD2020062815933132375996",,,,,4,,,1,4,,3000,683,,,
"com.supercell.laser_cn.som_072009","TID_IAP_SOM_072009",,3,"TRUE",,,"FALSE","TRUE","FALSE","FALSE",330,999,0,6800,"GD2020062815933133239896",,,,,3,,,1,4,,2000,565,,,
"com.supercell.laser_cn.som_072010","TID_IAP_SOM_072010",,3,"TRUE",,,"FALSE","TRUE","FALSE","FALSE",0,499,0,3000,"GD2020062815933134021369",,,,,5,,,3,4,,3400,400,,,
"com.supercell.laser.starr_09001","TID_IAP_STARR_09001",3,,"TRUE","FALSE","FALSE",,"TRUE",,,490,999,0,6800,,,,,,4,,,1,4,,2000,725,,,
"com.supercell.laser.starr_09002","TID_IAP_STARR_09002",3,,"TRUE","FALSE","FALSE",,"TRUE",,,330,999,0,6800,,,,,,3,,,1,4,,2000,565,,,
"com.supercell.laser.starr_09003","TID_IAP_STARR_09003",3,,"TRUE","FALSE","FALSE",,"TRUE",,,30,199,0,1200,,,,,,5,,,1,4,,1020,150,,,
"com.supercell.laser.starr_09004","TID_IAP_STARR_09004",3,,"TRUE","FALSE","FALSE",,"TRUE",,,110,199,0,1200,,,,,,5,,,1,4,,340,150,,,
"com.supercell.laser.starr_09005","TID_IAP_STARR_09005",3,,"TRUE","FALSE","FALSE",,"TRUE",,,110,199,0,1200,,,,,,5,,,12,4,,360,152,,,
"com.supercell.laser.starr_09006","TID_IAP_STARR_09006",3,,"TRUE","FALSE","FALSE",,"TRUE",,,570,999,0,6800,,,,,,5,,,12,4,,2400,852,,,
"com.supercell.laser_cn.starr_09001","TID_IAP_STARR_09001",,3,"TRUE",,,"FALSE","TRUE","FALSE","FALSE",490,999,0,6800,"GD2020090315991135284938",,,,,4,,,1,4,,2000,725,,,
"com.supercell.laser_cn.starr_09002","TID_IAP_STARR_09002",,3,"TRUE",,,"FALSE","TRUE","FALSE","FALSE",330,999,0,6800,"GD2020090315991136759594",,,,,3,,,1,4,,2000,565,,,
"com.supercell.laser_cn.starr_09003","TID_IAP_STARR_09003",,3,"TRUE",,,"FALSE","TRUE","FALSE","FALSE",30,199,0,1200,"GD2020090315991138132399",,,,,5,,,1,4,,1020,150,,,
"com.supercell.laser_cn.starr_09004","TID_IAP_STARR_09004",,3,"TRUE",,,"FALSE","TRUE","FALSE","FALSE",110,199,0,1200,"GD2020090315991139533500",,,,,5,,,1,4,,340,150,,,
"com.supercell.laser_cn.starr_09005","TID_IAP_STARR_09005",,3,"TRUE",,,"FALSE","TRUE","FALSE","FALSE",110,199,0,1200,"GD2020090315991140992899",,,,,5,,,12,4,,360,152,,,
"com.supercell.laser_cn.starr_09006","TID_IAP_STARR_09006",,3,"TRUE",,,"FALSE","TRUE","FALSE","FALSE",570,999,0,6800,"GD2020090315991142104145",,,,,5,,,12,4,,2400,852,,,
"com.supercell.laser_cn.starr_09007","TID_IAP_STARR_09006",,3,"TRUE",,,"FALSE","TRUE","FALSE","FALSE",760,1999,0,12800,"GD2020090315991142639030",,,,,5,,,12,4,,8800,1795,,,
"com.supercell.laser.starr_09007","TID_IAP_STARR_09006",3,,"TRUE","FALSE","FALSE",,"TRUE",,,760,1999,0,12800,,,,,,5,,,12,4,,8800,1795,,,
"com.supercell.laser.bundle2499","TID_IAP_BUNDLE_OFFER",6,,,"TRUE","TRUE",,"TRUE",,,0,2499,0,,,,,,,,,,,,,,,475,,
"com.supercell.laser.bundle2799","TID_IAP_BUNDLE_OFFER",6,,,"TRUE","TRUE",,"TRUE",,,0,2799,0,,,,,,,,,,,,,,,532,,
"com.supercell.laser_cn.bundle2499","TID_IAP_BUNDLE_OFFER",,6,"TRUE",,,"TRUE",,"TRUE","TRUE",0,2999,0,16300,"GD2021051116207151686700",,,,,,,,,,,,,472,,
"com.supercell.laser_cn.bundle2799","TID_IAP_BUNDLE_OFFER",,6,"TRUE",,,"TRUE",,"TRUE","TRUE",0,2999,0,18800,"GD2021051116207151320041",,,,,,,,,,,,,545,,
"com.supercell.laser.newstarterpack1","TID_STARTER_PACK_1",2,,"TRUE","FALSE","FALSE","FALSE","TRUE",,,100,99,0,,,,,1,5,5,,,1,0,,100,112,,,
"com.supercell.laser.newstarterpack2","TID_STARTER_PACK_2",2,,"TRUE","FALSE","FALSE","FALSE","TRUE",,,160,199,0,,,,,2,15,5,,,1,0,,0,160,,,
"com.supercell.laser.newstarterpack3","TID_STARTER_PACK_3",2,,"TRUE","FALSE","FALSE","FALSE","TRUE",,,205,299,0,,,,,3,25,5,,,1,0,,300,240,,,
"com.supercell.laser.newstarterpack4","TID_STARTER_PACK_4",2,,"TRUE","FALSE","FALSE","FALSE","TRUE",,,400,499,0,,,,,4,35,5,,,1,0,,400,447,,,
"com.supercell.laser.newstarterpack5","TID_STARTER_PACK_5",2,,"TRUE","FALSE","FALSE","FALSE","TRUE",,,500,599,0,,,,,5,50,5,,,1,0,,500,559,,,
"com.supercell.laser.newstarterpack6","TID_STARTER_PACK_6",2,,"TRUE","FALSE","FALSE","FALSE","TRUE",,,610,799,0,,,,,6,75,5,,,1,0,,600,681,,,
"com.supercell.laser.newstarterpack7","TID_STARTER_PACK_7",2,,"TRUE","FALSE","FALSE","FALSE","TRUE",,,730,999,0,,,,,7,100,5,,,1,0,,1700,930,,,
"com.supercell.laser.newstarterpack8","TID_STARTER_PACK_8",2,,"TRUE","FALSE","FALSE","FALSE","TRUE",,,890,1499,0,,,,,8,125,5,,,1,0,,5000,1478,,,
"com.supercell.laser_cn.newstarterpack1","TID_STARTER_PACK_1",,2,"TRUE",,,"FALSE","TRUE","FALSE","FALSE",100,99,0,600,"GD2021081116286537055113",,,1,5,5,,,1,0,,100,112,,,
"com.supercell.laser_cn.newstarterpack2","TID_STARTER_PACK_2",,2,"TRUE",,,"FALSE","TRUE","FALSE","FALSE",160,199,0,1200,"GD2021081116286537694577",,,2,15,5,,,1,0,,0,160,,,
"com.supercell.laser_cn.newstarterpack3","TID_STARTER_PACK_3",,2,"TRUE",,,"FALSE","TRUE","FALSE","FALSE",205,299,0,1800,"GD2021081116286537969006",,,3,25,5,,,1,0,,300,240,,,
"com.supercell.laser_cn.newstarterpack4","TID_STARTER_PACK_4",,2,"TRUE",,,"FALSE","TRUE","FALSE","FALSE",400,499,0,3000,"GD2021081116286538846049",,,4,35,5,,,1,0,,400,447,,,
"com.supercell.laser_cn.newstarterpack5","TID_STARTER_PACK_5",,2,"TRUE",,,"FALSE","TRUE","FALSE","FALSE",500,599,0,4000,"GD2021081116286539149716",,,5,50,5,,,1,0,,500,559,,,
"com.supercell.laser_cn.newstarterpack6","TID_STARTER_PACK_6",,2,"TRUE",,,"FALSE","TRUE","FALSE","FALSE",610,799,0,5000,"GD2021081116286539519246",,,6,75,5,,,1,0,,600,681,,,
"com.supercell.laser_cn.newstarterpack7","TID_STARTER_PACK_7",,2,"TRUE",,,"FALSE","TRUE","FALSE","FALSE",730,999,0,6800,"GD2021081116286539868726",,,7,100,5,,,1,0,,1700,930,,,
"com.supercell.laser_cn.newstarterpack8","TID_STARTER_PACK_8",,2,"TRUE",,,"FALSE","TRUE","FALSE","FALSE",890,1499,0,9800,"GD2021081116286540077144",,,8,125,5,,,1,0,,5000,1478,,,
"com.supercell.laser.seasonpass999","TID_SHOP_SPECIAL_OFFER",7,,"TRUE",,,,"TRUE",,,0,999,0,,,,,,,,,,,,,,169,,,
"com.supercell.laser_cn.seasonpass999","TID_SHOP_SPECIAL_OFFER",,7,"TRUE",,,"FALSE","TRUE","FALSE","FALSE",0,999,0,6800,,,,,,,,,,,,,169,,,
"com.supercell.laser.gempack0_yt","TID_PROMOCODE_PACK",4,,,"FALSE","TRUE","FALSE","TRUE",,,30,199,9,,,,,,,,,,,,"TRUE",0,0,,,
"com.supercell.laser.gempack2_yt","TID_PROMOCODE_PACK",4,,,"FALSE","TRUE","FALSE","TRUE",,,170,999,9,,,,,,,,,,,,"TRUE",0,0,,,
"com.supercell.laser.scid.gempack0","TID_SUPERCELL_STORE_GEM_PACK_1_TITLE",1,,"FALSE","FALSE","FALSE","FALSE","TRUE","FALSE","FALSE",30,199,1,,,"shop_gem_0",0,,,,,,,,,,30,,"TRUE","FALSE"
"com.supercell.laser.scid.gempack1","TID_SUPERCELL_STORE_GEM_PACK_2_TITLE",1,,"FALSE","FALSE","FALSE","FALSE","TRUE","FALSE","FALSE",80,499,2,,,"shop_gem_1",1,,,,,,,,,,80,,"TRUE","FALSE"
"com.supercell.laser.scid.gempack2","TID_SUPERCELL_STORE_GEM_PACK_3_TITLE",1,,"FALSE","FALSE","FALSE","FALSE","TRUE","FALSE","FALSE",170,999,3,,,"shop_gem_2",2,,,,"TID_SHOP_LABEL_POPULAR",,,,,,170,,"TRUE","FALSE"
"com.supercell.laser.scid.gempack3","TID_SUPERCELL_STORE_GEM_PACK_4_TITLE",1,,"FALSE","FALSE","FALSE","FALSE","TRUE","FALSE","FALSE",360,1999,4,,,"shop_gem_3",3,,,,,,,,,,360,,"TRUE","FALSE"
"com.supercell.laser.scid.gempack4","TID_SUPERCELL_STORE_GEM_PACK_5_TITLE",1,,"FALSE","FALSE","FALSE","FALSE","TRUE","FALSE","FALSE",950,4999,5,,,"shop_gem_4",4,,,,,,,,,,950,,"TRUE","FALSE"
"com.supercell.laser.scid.gempack5","TID_SUPERCELL_STORE_GEM_PACK_6_TITLE",1,,"FALSE","FALSE","FALSE","FALSE","TRUE","FALSE","FALSE",2000,9999,6,,,"shop_gem_5",5,,,,"TID_SHOP_LABEL_BEST_VALUE",,,,,,2000,,"TRUE","FALSE"
"com.supercell.laser.scid.seasonpass","TID_SUPERCELL_STORE_BRAWL_PASS",7,,"FALSE","FALSE","FALSE","FALSE","TRUE","FALSE","FALSE",0,999,2,,,,,,,,,,,,,,169,,"TRUE","TRUE"
"com.supercell.laser.scid.seasonpassbundle","TID_SUPERCELL_STORE_BRAWL_PASS_BUNDLE",7,,"FALSE","FALSE","FALSE","FALSE","TRUE","FALSE","FALSE",0,1999,3,,,,,,,,,,,,,,169,,"TRUE","TRUE"
"com.supercell.laser.gempack1_yt","TID_PROMOCODE_PACK",4,,,"FALSE","TRUE","FALSE","TRUE",,,80,499,9,,,,,,,,,,,,"TRUE",0,0,,,
"com.supercell.laser.scid.seasonpassbundle10","TID_SUPERCELL_STORE_BRAWL_PASS_BUNDLE10",7,,"FALSE","FALSE","FALSE","FALSE","TRUE","FALSE","FALSE",0,999,3,,,,,,,,,,,,,,469,,"TRUE","TRUE"
"com.supercell.laser.seasonpassbundle5","TID_SHOP_SPECIAL_OFFER",7,,FALSE,TRUE,TRUE,FALSE,"TRUE",FALSE,FALSE,0,999,0,,,,,,,,,,,,,,319,,,TRUE
"com.supercell.laser.scid10.gempack0","TID_SUPERCELL_STORE_GEM_PACK_1_TITLE",1,,"FALSE","FALSE","FALSE","FALSE","TRUE","FALSE","FALSE",33,199,1,,,"shop_gem_0",0,,,,,,,,,,33,,"TRUE","FALSE"
"com.supercell.laser.scid10.gempack1","TID_SUPERCELL_STORE_GEM_PACK_2_TITLE",1,,"FALSE","FALSE","FALSE","FALSE","TRUE","FALSE","FALSE",88,499,2,,,"shop_gem_1",1,,,,,,,,,,88,,"TRUE","FALSE"
"com.supercell.laser.scid10.gempack2","TID_SUPERCELL_STORE_GEM_PACK_3_TITLE",1,,"FALSE","FALSE","FALSE","FALSE","TRUE","FALSE","FALSE",187,999,3,,,"shop_gem_2",2,,,,"TID_SHOP_LABEL_POPULAR",,,,,,187,,"TRUE","FALSE"
"com.supercell.laser.scid10.gempack3","TID_SUPERCELL_STORE_GEM_PACK_4_TITLE",1,,"FALSE","FALSE","FALSE","FALSE","TRUE","FALSE","FALSE",396,1999,4,,,"shop_gem_3",3,,,,,,,,,,396,,"TRUE","FALSE"
"com.supercell.laser.scid10.gempack4","TID_SUPERCELL_STORE_GEM_PACK_5_TITLE",1,,"FALSE","FALSE","FALSE","FALSE","TRUE","FALSE","FALSE",1045,4999,5,,,"shop_gem_4",4,,,,,,,,,,1045,,"TRUE","FALSE"
"com.supercell.laser.scid10.gempack5","TID_SUPERCELL_STORE_GEM_PACK_6_TITLE",1,,"FALSE","FALSE","FALSE","FALSE","TRUE","FALSE","FALSE",2200,9999,6,,,"shop_gem_5",5,,,,"TID_SHOP_LABEL_BEST_VALUE",,,,,,2200,,"TRUE","FALSE"
"com.supercell.laser.razer.seasonpassbundle5","TID_RAZER_STORE_BRAWL_PASS_BUNDLE5",7,,"FALSE","FALSE","FALSE","FALSE","TRUE","FALSE","FALSE",0,999,3,,,,,,,,,,,,,,319,,"TRUE","TRUE"
"com.supercell.laser.razer5.gempack0","TID_RAZER5_STORE_GEM_PACK_1_TITLE",1,,"FALSE","FALSE","FALSE","FALSE","TRUE","FALSE","FALSE",32,199,1,,,"shop_gem_0",0,,,,,,,,,,32,,"TRUE","FALSE"
"com.supercell.laser.razer5.gempack1","TID_RAZER5_STORE_GEM_PACK_2_TITLE",1,,"FALSE","FALSE","FALSE","FALSE","TRUE","FALSE","FALSE",84,499,2,,,"shop_gem_1",1,,,,,,,,,,84,,"TRUE","FALSE"
"com.supercell.laser.razer5.gempack2","TID_RAZER5_STORE_GEM_PACK_3_TITLE",1,,"FALSE","FALSE","FALSE","FALSE","TRUE","FALSE","FALSE",179,999,3,,,"shop_gem_2",2,,,,"TID_SHOP_LABEL_POPULAR",,,,,,179,,"TRUE","FALSE"
"com.supercell.laser.razer5.gempack3","TID_RAZER5_STORE_GEM_PACK_4_TITLE",1,,"FALSE","FALSE","FALSE","FALSE","TRUE","FALSE","FALSE",378,1999,4,,,"shop_gem_3",3,,,,,,,,,,378,,"TRUE","FALSE"
"com.supercell.laser.razer5.gempack4","TID_RAZER5_STORE_GEM_PACK_5_TITLE",1,,"FALSE","FALSE","FALSE","FALSE","TRUE","FALSE","FALSE",998,4999,5,,,"shop_gem_4",4,,,,,,,,,,998,,"TRUE","FALSE"
"com.supercell.laser.razer5.gempack5","TID_RAZER5_STORE_GEM_PACK_6_TITLE",1,,"FALSE","FALSE","FALSE","FALSE","TRUE","FALSE","FALSE",2100,9999,6,,,"shop_gem_5",5,,,,"TID_SHOP_LABEL_BEST_VALUE",,,,,,2100,,"TRUE","FALSE"
"com.supercell.laser.razer10.gempack0","TID_RAZER10_STORE_GEM_PACK_1_TITLE",1,,"FALSE","FALSE","FALSE","FALSE","TRUE","FALSE","FALSE",33,199,1,,,"shop_gem_0",0,,,,,,,,,,33,,"TRUE","FALSE"
"com.supercell.laser.razer10.gempack1","TID_RAZER10_STORE_GEM_PACK_2_TITLE",1,,"FALSE","FALSE","FALSE","FALSE","TRUE","FALSE","FALSE",88,499,2,,,"shop_gem_1",1,,,,,,,,,,88,,"TRUE","FALSE"
"com.supercell.laser.razer10.gempack2","TID_RAZER10_STORE_GEM_PACK_3_TITLE",1,,"FALSE","FALSE","FALSE","FALSE","TRUE","FALSE","FALSE",187,999,3,,,"shop_gem_2",2,,,,"TID_SHOP_LABEL_POPULAR",,,,,,187,,"TRUE","FALSE"
"com.supercell.laser.razer10.gempack3","TID_RAZER10_STORE_GEM_PACK_4_TITLE",1,,"FALSE","FALSE","FALSE","FALSE","TRUE","FALSE","FALSE",396,1999,4,,,"shop_gem_3",3,,,,,,,,,,396,,"TRUE","FALSE"
"com.supercell.laser.razer10.gempack4","TID_RAZER10_STORE_GEM_PACK_5_TITLE",1,,"FALSE","FALSE","FALSE","FALSE","TRUE","FALSE","FALSE",1045,4999,5,,,"shop_gem_4",4,,,,,,,,,,1045,,"TRUE","FALSE"
"com.supercell.laser.razer10.gempack5","TID_RAZER10_STORE_GEM_PACK_6_TITLE",1,,"FALSE","FALSE","FALSE","FALSE","TRUE","FALSE","FALSE",2200,9999,6,,,"shop_gem_5",5,,,,"TID_SHOP_LABEL_BEST_VALUE",,,,,,2200,,"TRUE","FALSE"
"com.supercell.laser.razer20.gempack0","TID_RAZER20_STORE_GEM_PACK_1_TITLE",1,,"FALSE","FALSE","FALSE","FALSE","TRUE","FALSE","FALSE",36,199,1,,,"shop_gem_0",0,,,,,,,,,,36,,"TRUE","FALSE"
"com.supercell.laser.razer20.gempack1","TID_RAZER20_STORE_GEM_PACK_2_TITLE",1,,"FALSE","FALSE","FALSE","FALSE","TRUE","FALSE","FALSE",96,499,2,,,"shop_gem_1",1,,,,,,,,,,96,,"TRUE","FALSE"
"com.supercell.laser.razer20.gempack2","TID_RAZER20_STORE_GEM_PACK_3_TITLE",1,,"FALSE","FALSE","FALSE","FALSE","TRUE","FALSE","FALSE",204,999,3,,,"shop_gem_2",2,,,,"TID_SHOP_LABEL_POPULAR",,,,,,204,,"TRUE","FALSE"
"com.supercell.laser.razer20.gempack3","TID_RAZER20_STORE_GEM_PACK_4_TITLE",1,,"FALSE","FALSE","FALSE","FALSE","TRUE","FALSE","FALSE",432,1999,4,,,"shop_gem_3",3,,,,,,,,,,432,,"TRUE","FALSE"
"com.supercell.laser.razer20.gempack4","TID_RAZER20_STORE_GEM_PACK_5_TITLE",1,,"FALSE","FALSE","FALSE","FALSE","TRUE","FALSE","FALSE",1140,4999,5,,,"shop_gem_4",4,,,,,,,,,,1140,,"TRUE","FALSE"
"com.supercell.laser.razer20.gempack5","TID_RAZER20_STORE_GEM_PACK_6_TITLE",1,,"FALSE","FALSE","FALSE","FALSE","TRUE","FALSE","FALSE",2400,9999,6,,,"shop_gem_5",5,,,,"TID_SHOP_LABEL_BEST_VALUE",,,,,,2400,,"TRUE","FALSE"
"com.supercell.laser.coda.seasonpassbundle5","TID_CODA_STORE_BRAWL_PASS_BUNDLE5",7,,"FALSE","FALSE","FALSE","FALSE","TRUE","FALSE","FALSE",0,999,3,,,,,,,,,,,,,,319,,"TRUE","TRUE"
"com.supercell.laser.coda5.gempack0","TID_CODA5_STORE_GEM_PACK_1_TITLE",1,,"FALSE","FALSE","FALSE","FALSE","TRUE","FALSE","FALSE",32,199,1,,,"shop_gem_0",0,,,,,,,,,,32,,"TRUE","FALSE"
"com.supercell.laser.coda5.gempack1","TID_CODA5_STORE_GEM_PACK_2_TITLE",1,,"FALSE","FALSE","FALSE","FALSE","TRUE","FALSE","FALSE",84,499,2,,,"shop_gem_1",1,,,,,,,,,,84,,"TRUE","FALSE"
"com.supercell.laser.coda5.gempack2","TID_CODA5_STORE_GEM_PACK_3_TITLE",1,,"FALSE","FALSE","FALSE","FALSE","TRUE","FALSE","FALSE",179,999,3,,,"shop_gem_2",2,,,,"TID_SHOP_LABEL_POPULAR",,,,,,179,,"TRUE","FALSE"
"com.supercell.laser.coda5.gempack3","TID_CODA5_STORE_GEM_PACK_4_TITLE",1,,"FALSE","FALSE","FALSE","FALSE","TRUE","FALSE","FALSE",378,1999,4,,,"shop_gem_3",3,,,,,,,,,,378,,"TRUE","FALSE"
"com.supercell.laser.coda5.gempack4","TID_CODA5_STORE_GEM_PACK_5_TITLE",1,,"FALSE","FALSE","FALSE","FALSE","TRUE","FALSE","FALSE",998,4999,5,,,"shop_gem_4",4,,,,,,,,,,998,,"TRUE","FALSE"
"com.supercell.laser.coda5.gempack5","TID_CODA5_STORE_GEM_PACK_6_TITLE",1,,"FALSE","FALSE","FALSE","FALSE","TRUE","FALSE","FALSE",2100,9999,6,,,"shop_gem_5",5,,,,"TID_SHOP_LABEL_BEST_VALUE",,,,,,2100,,"TRUE","FALSE"
"com.supercell.laser.coda10.gempack0","TID_CODA10_STORE_GEM_PACK_1_TITLE",1,,"FALSE","FALSE","FALSE","FALSE","TRUE","FALSE","FALSE",33,199,1,,,"shop_gem_0",0,,,,,,,,,,33,,"TRUE","FALSE"
"com.supercell.laser.coda10.gempack1","TID_CODA10_STORE_GEM_PACK_2_TITLE",1,,"FALSE","FALSE","FALSE","FALSE","TRUE","FALSE","FALSE",88,499,2,,,"shop_gem_1",1,,,,,,,,,,88,,"TRUE","FALSE"
"com.supercell.laser.coda10.gempack2","TID_CODA10_STORE_GEM_PACK_3_TITLE",1,,"FALSE","FALSE","FALSE","FALSE","TRUE","FALSE","FALSE",187,999,3,,,"shop_gem_2",2,,,,"TID_SHOP_LABEL_POPULAR",,,,,,187,,"TRUE","FALSE"
"com.supercell.laser.coda10.gempack3","TID_CODA10_STORE_GEM_PACK_4_TITLE",1,,"FALSE","FALSE","FALSE","FALSE","TRUE","FALSE","FALSE",396,1999,4,,,"shop_gem_3",3,,,,,,,,,,396,,"TRUE","FALSE"
"com.supercell.laser.coda10.gempack4","TID_CODA10_STORE_GEM_PACK_5_TITLE",1,,"FALSE","FALSE","FALSE","FALSE","TRUE","FALSE","FALSE",1045,4999,5,,,"shop_gem_4",4,,,,,,,,,,1045,,"TRUE","FALSE"
"com.supercell.laser.coda10.gempack5","TID_CODA10_STORE_GEM_PACK_6_TITLE",1,,"FALSE","FALSE","FALSE","FALSE","TRUE","FALSE","FALSE",2200,9999,6,,,"shop_gem_5",5,,,,"TID_SHOP_LABEL_BEST_VALUE",,,,,,2200,,"TRUE","FALSE"
"com.supercell.laser.coda20.gempack0","TID_CODA20_STORE_GEM_PACK_1_TITLE",1,,"FALSE","FALSE","FALSE","FALSE","TRUE","FALSE","FALSE",36,199,1,,,"shop_gem_0",0,,,,,,,,,,36,,"TRUE","FALSE"
"com.supercell.laser.coda20.gempack1","TID_CODA20_STORE_GEM_PACK_2_TITLE",1,,"FALSE","FALSE","FALSE","FALSE","TRUE","FALSE","FALSE",96,499,2,,,"shop_gem_1",1,,,,,,,,,,96,,"TRUE","FALSE"
"com.supercell.laser.coda20.gempack2","TID_CODA20_STORE_GEM_PACK_3_TITLE",1,,"FALSE","FALSE","FALSE","FALSE","TRUE","FALSE","FALSE",204,999,3,,,"shop_gem_2",2,,,,"TID_SHOP_LABEL_POPULAR",,,,,,204,,"TRUE","FALSE"
"com.supercell.laser.coda20.gempack3","TID_CODA20_STORE_GEM_PACK_4_TITLE",1,,"FALSE","FALSE","FALSE","FALSE","TRUE","FALSE","FALSE",432,1999,4,,,"shop_gem_3",3,,,,,,,,,,432,,"TRUE","FALSE"
"com.supercell.laser.coda20.gempack4","TID_CODA20_STORE_GEM_PACK_5_TITLE",1,,"FALSE","FALSE","FALSE","FALSE","TRUE","FALSE","FALSE",1140,4999,5,,,"shop_gem_4",4,,,,,,,,,,1140,,"TRUE","FALSE"
"com.supercell.laser.coda20.gempack5","TID_CODA20_STORE_GEM_PACK_6_TITLE",1,,"FALSE","FALSE","FALSE","FALSE","TRUE","FALSE","FALSE",2400,9999,6,,,"shop_gem_5",5,,,,"TID_SHOP_LABEL_BEST_VALUE",,,,,,2400,,"TRUE","FALSE"
"com.supercell.laser.midas.seasonpassbundle5","TID_MIDAS_STORE_BRAWL_PASS_BUNDLE5",7,,"FALSE","FALSE","FALSE","FALSE","TRUE","FALSE","FALSE",0,999,3,,,,,,,,,,,,,,319,,"TRUE","TRUE"
"com.supercell.laser.midas5.gempack0","TID_MIDAS5_STORE_GEM_PACK_1_TITLE",1,,"FALSE","FALSE","FALSE","FALSE","TRUE","FALSE","FALSE",32,199,1,,,"shop_gem_0",0,,,,,,,,,,32,,"TRUE","FALSE"
"com.supercell.laser.midas5.gempack1","TID_MIDAS5_STORE_GEM_PACK_2_TITLE",1,,"FALSE","FALSE","FALSE","FALSE","TRUE","FALSE","FALSE",84,499,2,,,"shop_gem_1",1,,,,,,,,,,84,,"TRUE","FALSE"
"com.supercell.laser.midas5.gempack2","TID_MIDAS5_STORE_GEM_PACK_3_TITLE",1,,"FALSE","FALSE","FALSE","FALSE","TRUE","FALSE","FALSE",179,999,3,,,"shop_gem_2",2,,,,"TID_SHOP_LABEL_POPULAR",,,,,,179,,"TRUE","FALSE"
"com.supercell.laser.midas5.gempack3","TID_MIDAS5_STORE_GEM_PACK_4_TITLE",1,,"FALSE","FALSE","FALSE","FALSE","TRUE","FALSE","FALSE",378,1999,4,,,"shop_gem_3",3,,,,,,,,,,378,,"TRUE","FALSE"
"com.supercell.laser.midas5.gempack4","TID_MIDAS5_STORE_GEM_PACK_5_TITLE",1,,"FALSE","FALSE","FALSE","FALSE","TRUE","FALSE","FALSE",998,4999,5,,,"shop_gem_4",4,,,,,,,,,,998,,"TRUE","FALSE"
"com.supercell.laser.midas5.gempack5","TID_MIDAS5_STORE_GEM_PACK_6_TITLE",1,,"FALSE","FALSE","FALSE","FALSE","TRUE","FALSE","FALSE",2100,9999,6,,,"shop_gem_5",5,,,,"TID_SHOP_LABEL_BEST_VALUE",,,,,,2100,,"TRUE","FALSE"
"com.supercell.laser.midas10.gempack0","TID_MIDAS10_STORE_GEM_PACK_1_TITLE",1,,"FALSE","FALSE","FALSE","FALSE","TRUE","FALSE","FALSE",33,199,1,,,"shop_gem_0",0,,,,,,,,,,33,,"TRUE","FALSE"
"com.supercell.laser.midas10.gempack1","TID_MIDAS10_STORE_GEM_PACK_2_TITLE",1,,"FALSE","FALSE","FALSE","FALSE","TRUE","FALSE","FALSE",88,499,2,,,"shop_gem_1",1,,,,,,,,,,88,,"TRUE","FALSE"
"com.supercell.laser.midas10.gempack2","TID_MIDAS10_STORE_GEM_PACK_3_TITLE",1,,"FALSE","FALSE","FALSE","FALSE","TRUE","FALSE","FALSE",187,999,3,,,"shop_gem_2",2,,,,"TID_SHOP_LABEL_POPULAR",,,,,,187,,"TRUE","FALSE"
"com.supercell.laser.midas10.gempack3","TID_MIDAS10_STORE_GEM_PACK_4_TITLE",1,,"FALSE","FALSE","FALSE","FALSE","TRUE","FALSE","FALSE",396,1999,4,,,"shop_gem_3",3,,,,,,,,,,396,,"TRUE","FALSE"
"com.supercell.laser.midas10.gempack4","TID_MIDAS10_STORE_GEM_PACK_5_TITLE",1,,"FALSE","FALSE","FALSE","FALSE","TRUE","FALSE","FALSE",1045,4999,5,,,"shop_gem_4",4,,,,,,,,,,1045,,"TRUE","FALSE"
"com.supercell.laser.midas10.gempack5","TID_MIDAS10_STORE_GEM_PACK_6_TITLE",1,,"FALSE","FALSE","FALSE","FALSE","TRUE","FALSE","FALSE",2200,9999,6,,,"shop_gem_5",5,,,,"TID_SHOP_LABEL_BEST_VALUE",,,,,,2200,,"TRUE","FALSE"
"com.supercell.laser.midas20.gempack0","TID_MIDAS20_STORE_GEM_PACK_1_TITLE",1,,"FALSE","FALSE","FALSE","FALSE","TRUE","FALSE","FALSE",36,199,1,,,"shop_gem_0",0,,,,,,,,,,36,,"TRUE","FALSE"
"com.supercell.laser.midas20.gempack1","TID_MIDAS20_STORE_GEM_PACK_2_TITLE",1,,"FALSE","FALSE","FALSE","FALSE","TRUE","FALSE","FALSE",96,499,2,,,"shop_gem_1",1,,,,,,,,,,96,,"TRUE","FALSE"
"com.supercell.laser.midas20.gempack2","TID_MIDAS20_STORE_GEM_PACK_3_TITLE",1,,"FALSE","FALSE","FALSE","FALSE","TRUE","FALSE","FALSE",204,999,3,,,"shop_gem_2",2,,,,"TID_SHOP_LABEL_POPULAR",,,,,,204,,"TRUE","FALSE"
"com.supercell.laser.midas20.gempack3","TID_MIDAS20_STORE_GEM_PACK_4_TITLE",1,,"FALSE","FALSE","FALSE","FALSE","TRUE","FALSE","FALSE",432,1999,4,,,"shop_gem_3",3,,,,,,,,,,432,,"TRUE","FALSE"
"com.supercell.laser.midas20.gempack4","TID_MIDAS20_STORE_GEM_PACK_5_TITLE",1,,"FALSE","FALSE","FALSE","FALSE","TRUE","FALSE","FALSE",1140,4999,5,,,"shop_gem_4",4,,,,,,,,,,1140,,"TRUE","FALSE"
"com.supercell.laser.midas20.gempack5","TID_MIDAS20_STORE_GEM_PACK_6_TITLE",1,,"FALSE","FALSE","FALSE","FALSE","TRUE","FALSE","FALSE",2400,9999,6,,,"shop_gem_5",5,,,,"TID_SHOP_LABEL_BEST_VALUE",,,,,,2400,,"TRUE","FALSE"
