"Name",0
"String","int"
"Santtu Ahola",
"Patrick Almgren",
"Marcio Bacalhau",
"Chris Bancroft",
"Mauritz Bart",
"Paula Báguena",
"David Bell",
"Brad Bolinder",
"Javier Calvo",
"Paul Chambers",
"Dalei Chen",
"Liang Chen",
"Xuhui Chen",
"Tiffany Chia",
"Chris Cho",
"Inyoung Choi",
"Luna Choi",
"David Diaz",
"Jason Dou",
"Praveen Dubey",
"Chris Duong",
"Timothy Ebner",
"Maki Ehara",
"Anders Ehrenborg",
"James Ellis",
"Henrik Enqvist",
"Jon Franzas",
"Qiang Fu",
"Laura Gilliland",
"Adrian Häggqvist",
"Eero Harmaala",
"Stefan Hauk",
"Timo Heinäpurola",
"Mikko Hokkanen",
"Chih-Han Hsu",
"Juha Huotari",
"Aapo Huovila",
"Emilia Hwang",
"Aki Immonen",
"Joakim Isaksson",
"Kim Jensen",
"Tomi Joki-Korpela",
"Pauli Kaila",
"Robert Kamphuis",
"Bill Kang",
"Minyoung Kang",
"Frank Keienburg",
"Matti Kemppainen",
"Tae Rim Kim",
"WooHyun Kim",
"Anna Koivu-Choo",
"Toni Kontinen",
"Terje Koskinen",
"Byeongmin Kwon",
"Petri Kärkäs",
"Mikko Laakkio",
"Rauli Laatikainen",
"Manuel Langegger",
"Christina Lee",
"Jimmy Lee",
"Mikko Lehtonen",
"Juha Leinonen",
"Ryan Lighton",
"Janne Lindholm",
"Agnes Liou",
"Chen Liu",
"Zhicheng Liu",
"Phillip Lockwood",
"Jonne Loikkanen",
"Duofen Ma",
"Frieda Ma",
"Damien Mabin",
"Leônidas Maciel",
"Lauri Manninen",
"Antti Mattila",
"Doug McCracken",
"Daniel Medeiros",
"Jani Mensonen",
"Yukiko Morishita",
"Sheila Ndungu",
"Linh Nguyen",
"Jumpei Oki",
"Taneli Oksama",
"Fernanda Oliveira",
"Jeff Ostler",
"Sergey Palyanov",
"Andrew Park",
"Stephen Park",
"Janne Peltola",
"Wesley Pijpers",
"Douglas Portugal",
"Asko Puurula",
"Miika Pylkkö",
"Brianne Read",
"Chengbin Ren",
"Antti Ripatti",
"Pawel Rosolek",
"Martin Schjøler",
"Jeffrey Shen",
"Donghee Seo",
"Mika Seppä",
"Mikko Sivulainen",
"Andrius Sliogeris",
"Timothy Smith",
"Shawn Su",
"Qianyue Sun",
"Tommi Suvinen",
"Nelly Sääksjärvi",
"Antti Takala",
"Touko Tahkokallio",
"Erol Tekkanat",
"Olli Tervo",
"Sami Tikkanen",
"Ella-Roosa Tenhunen",
"Emily Tierney",
"Wilhelm Tigerstedt",
"Ricardo Tomé",
"Stijn Tops",
"Ali Tunc",
"Machiko Uehara",
"Okan Usta",
"Jouni Utriainen",
"Jerry Vahn",
"Antti Varila",
"Gonzalo Vázquez",
"Félix Vivier",
"Slava Volkov",
"Kustaa Vuori",
"Jaakko Väyrynen",
"Toshizumi Waki",
"Ryan Wener",
"Julie Woo",
"Frank Yan",
"Hua Yin",
"Choong Yoon",
"Junheng Zang",
"Kris Zang",
"Oscar Zhang",
"Fei Zhong",
"Jean Zoch",
,
,
,
"In memory of Antti Summala and Billy P. Kametz",
