{
  "Codes": [
    {
      "ItemID": 16,
      "Amount": 30,
      "Code": "GEMSPROMO",
      "Activations": 1
    },
    {
      "ItemID": 19,
      "Amount": 1,
      "ExtraID": 1195,
      "Code": "PINPROMO",
      "Activations": 1
    },
    {
      "ItemID": 25,
      "Amount": 1,
      "ExtraID": 364,
      "Code": "THUMBPROMO",
      "Activations": 1
    },
    {
      "ItemID": 3,
      "Amount": 1,
      "Brawler": [16, 39],
      "Code": "BRAWLERPROMO",
      "Activations": 1
    },
    {
      "ItemID": 4,
      "Amount": 1,
      "ExtraID": 52,
      "Code": "SKINPROMO",
      "Activations": 1
    },
    {
      "ItemID": 49,
      "Amount": 1,
      "Code": "DROPPROMO",
      "Activations": 1
    },
    {
      "ItemID": 1,
      "Amount": 100,
      "Code": "COINPROMOS",
      "Activations": 1
    },
    {
      "ItemID": 45,
      "Amount": 1000,
      "Code": "BLINGPROMO",
      "Activations": 1
    },
    {
      "Code": "PIDORAS",
      "Activations": 1,
      "Rewards": [
        {
          "ItemID": 3,
          "Amount": 1,
          "Brawler": [16, 39]
        },
        {
          "ItemID": 4,
          "Amount": 1,
          "ExtraID": 212
        }
      ]
    }
  ]
}