"Name","Disabled","TID","LocationTheme","SupportingCampaignGround","BannerOverrideSWF","BannerOverrideExportName","GameModeVariation","Map","CommunityCredit","TrainingGroundsEnabled","Adventure"
"string","boolean","string","string","boolean","string","string","string","string","string","boolean","boolean"
"Wanted1",,"TID_WANTED_1","Default",,,,"Bounty","Wanted_1",,"true",
"Wanted3","true","TID_WANTED_3","Default",,,,"Bounty","Wanted_3",,,
"Wanted4","true","TID_WANTED_4","Default",,,,"Bounty","Gemgrab_3",,,
"Wanted5","true","TID_WANTED_5","Default",,,,"Bounty","Gemgrab_2",,,
"Wanted6",,"TID_WANTED_6","RumbleJungle",,,,"Bounty","Wanted_6",,,
"Wanted7",,"TID_WANTED_7","Arcade",,,,"Bounty","Wanted_7",,"true",
"Wanted2","true","TID_WANTED_2","Default",,,,"Bounty","Wanted_2",,,
"Gemgrab1",,"TID_GOLDRUSH_1","Mine",,,,"GemGrab","Gemgrab_1",,"true",
"Gemgrab2",,"TID_GOLDRUSH_2","Arcade",,,,"GemGrab","Gemgrab_2",,"true",
"Gemgrab3","true","TID_WANTED_4","Default",,,,"GemGrab","Gemgrab_3",,,
"Gemgrab4",,"TID_WANTED_3B","RumbleJungle",,,,"GemGrab","Wanted_3",,"true",
"Gemgrab5","true","TID_GOLDRUSH_5","Default",,,,"GemGrab","Gemgrab_5",,"true",
"Gemgrab6","true","TID_GOLDRUSH_6","Default",,,,"GemGrab","Gemgrab_4",,"true",
"Survival1",,"TID_BATTLE_ROYALE_1","ArcadeShowdown",,,,"Showdown","Survival_1",,"true",
"Survival2",,"TID_BATTLE_ROYALE_2","StuntShowdown",,,,"Showdown","Survival_2","OwenReds","true",
"Survival3",,"TID_BATTLE_ROYALE_3","DefaultShowdown",,,,"Showdown","Survival_3",,,
"Survival4",,"TID_BATTLE_ROYALE_4","ArcadeShowdown",,,,"Showdown","Survival_4",,"true",
"Heist1","true","TID_BANKHEIST_1","Default",,,,"Heist","Bankheist_1",,,
"Heist2",,"TID_BANKHEIST_2","Default",,,,"Heist","Bankheist_2",,"true",
"Heist3",,"TID_BANKHEIST_3","RumbleJungle",,,,"Heist","Bankheist_3",,"true",
"Tutorial","true",,"OldTownTutorial",,,,"Tutorial","Tutorial",,"false",
"BossFight1","true","TID_BOSS_4","Default",,,,"BigGame","BossFight_1",,"false",
"Wanted8","true","TID_WANTED_8","Default",,,,"Bounty","Wanted_8",,"true",
"Heist4","true","TID_BANKHEIST_4","Default",,,,"Heist","Bankheist_4",,,
"Ball1",,"TID_BALL_1","StuntShowBB",,,,"BrawlBall","Laserball_1",,"true",
"Ball2","true","TID_BALL_2","Grassfield",,,,"BrawlBall","Laserball_2",,,
"Ball3",,"TID_BALL_3","StuntShowBB",,,,"BrawlBall","Laserball_3",,"true",
"Coop1","true","TID_COOP_1","Default",,,,"RoboRumble","Coop_1",,,
"SurvivalTeam7",,"TID_BATTLE_ROYALE_7","StuntShowdown",,,,"DuoShowdown","Survival_7",,"true",
"Coop2","true","TID_COOP_2","Default",,,,"RoboRumble","Coop_2",,,
"BossFight2","true","TID_BOSS_3","Default",,,,"BigGame","BossFight_2",,"false",
"Gemgrab8","true","TID_GOLDRUSH_8","Default",,,,"GemGrab","Gemgrab_8",,,
"Survival5",,"TID_BATTLE_ROYALE_5","ArcadeShowdown",,,,"Showdown","Survival_5","Mordeus","true",
"Survival6","true","TID_BATTLE_ROYALE_6","DefaultShowdown",,,,"Showdown","Survival_6",,"true",
"SurvivalTeam1",,"TID_BATTLE_ROYALE_1","ArcadeShowdown",,,,"DuoShowdown","Survival_1",,"true",
"SurvivalTeam2",,"TID_BATTLE_ROYALE_2","StuntShowdown",,,,"DuoShowdown","Survival_2","OwenReds","true",
"SurvivalTeam3",,"TID_BATTLE_ROYALE_3","DefaultShowdown",,,,"DuoShowdown","Survival_3",,,
"SurvivalTeam4",,"TID_BATTLE_ROYALE_4","ArcadeShowdown",,,,"DuoShowdown","Survival_4",,"true",
"SurvivalTeam5",,"TID_BATTLE_ROYALE_5","ArcadeShowdown",,,,"DuoShowdown","Survival_5","Mordeus","true",
"Coop3","true","TID_COOP_6","DefaultShowdown",,,,"RoboRumble","Coop_3",,,
"Gemgrab7","true","TID_GOLDRUSH_7","Default",,,,"GemGrab","Gemgrab_7","DarkKnight",,
"Gemgrab10","true","TID_GOLDRUSH_10","Default",,,,"GemGrab","Gemgrab_10","Lewinham",,
"Heist5","true","TID_BANKHEIST_5","Default",,,,"Heist","Bankheist_5","Rushalisk",,
"Survival7",,"TID_BATTLE_ROYALE_7","StuntShowdown",,,,"Showdown","Survival_7",,"true",
"SurvivalTeam6","true","TID_BATTLE_ROYALE_6","DefaultShowdown",,,,"DuoShowdown","Survival_6",,"true",
"Survival8","true","TID_BATTLE_ROYALE_8","IslandShowdown",,,,"Showdown","Survival_8","Rushalisk",,
"SurvivalTeam8","true","TID_BATTLE_ROYALE_8","IslandShowdown",,,,"DuoShowdown","Survival_8","Rushalisk",,
"Heist6","true","TID_BANKHEIST_6","Default",,,,"Heist","Bankheist_6","Mordeus",,
"Gemgrab11","true","TID_GOLDRUSH_11","Default",,,,"GemGrab","Gemgrab_11","FatBubblyDragon",,
"Heist7","true","TID_BANKHEIST_7","Default",,,,"Heist","Bankheist_7","Schmedricks",,
"Ball4",,"TID_BALL_4","StuntShowBB",,,,"BrawlBall","Laserball_4","Lex","true",
"Ball6",,"TID_BALL_6","StuntShowBB",,,,"BrawlBall","Laserball_6","Mordeus","true",
"Ball7","true","TID_BALL_7","Grassfield",,,,"BrawlBall","Laserball_7","Lewinham",,
"Heist8",,"TID_BANKHEIST_18","RumbleJungle",,,,"Heist","Bankheist_8","AlexEsteAdevarat","true",
"Wanted9",,"TID_WANTED_9","RumbleJungle",,,,"Bounty","Wanted_9","thelucas2000","true",
"Survival12","true","TID_BATTLE_ROYALE_12","DefaultShowdown",,,,"Showdown","Survival_12","Tony_A9",,
"SurvivalTeam12","true","TID_BATTLE_ROYALE_12","DefaultShowdown",,,,"DuoShowdown","Survival_12","Tony_A9",,
"Raid1","true","TID_RAID_2","DefaultShowdown",,,,"BossFight","Raid_1",,,
"GGxmas1","true","TID_GOLDRUSH_XMAS_1","Default",,,,"GemGrab","Wanted_3",,,
"GGxmas2","true","TID_GOLDRUSH_XMAS_2","Default",,,,"GemGrab","Gemgrab_7",,,
"GGxmas3","true","TID_GOLDRUSH_XMAS_3","Default",,,,"GemGrab","Gemgrab_5",,,
"GGxmas4","true","TID_GOLDRUSH_XMAS_4","Default",,,,"GemGrab","Gemgrab_1",,,
"GGxmas5","true","TID_GOLDRUSH_XMAS_5","Default",,,,"GemGrab","Gemgrab_4",,,
"GGxmas6","true","TID_GOLDRUSH_XMAS_6","Default",,,,"GemGrab","Gemgrab_9",,,
"GGxmas7","true","TID_GOLDRUSH_XMAS_7","Default",,,,"GemGrab","Gemgrab_3",,,
"BossFight3","true","TID_BOSS_6","Default",,,,"BigGame","BossFight_3",,"false",
"BossFight4","true","TID_BOSS_5","Mine",,,,"BigGame","BossFight_4",,"false",
"Raid2","true","TID_RAID_3","DefaultShowdown",,,,"BossFight","Raid_2",,,
"Coop4","true","TID_COOP_3","DefaultShowdown",,,,"RoboRumble","Coop_4",,,
"Heist9",,"TID_BANKHEIST_9","DeepSea",,,,"Heist","Bankheist_9",,,
"Heist10","true","TID_BANKHEIST_10","Default",,,,"Heist","Bankheist_10",,,
"Heist11","true","TID_BANKHEIST_11","Default",,,,"Heist","Bankheist_11","AeroNautikks",,
"Heist12",,"TID_BANKHEIST_12","Default",,,,"Heist","Bankheist_12","Zagibulenka","true",
"Heist13","true","TID_BANKHEIST_13","Default",,,,"Heist","Bankheist_13",,,
"LNYHeist1","true","TID_BANKHEIST_9","Default",,,,"Heist","Bankheist_9",,,
"LNYHeist2","true","TID_BANKHEIST_10","Default",,,,"Heist","Bankheist_10",,,
"LNYHeist3","true","TID_BANKHEIST_11","Default",,,,"Heist","Bankheist_11","AeroNautikks",,
"LNYHeist4","true","TID_BANKHEIST_12","Default",,,,"Heist","Bankheist_12","Zagibulenka",,
"LNYHeist5","true","TID_BANKHEIST_13","Default",,,,"Heist","Bankheist_13",,,
"Wanted10","true","TID_WANTED_9","Default",,,,"Bounty","Wanted_10",,,
"Wanted11","true","TID_WANTED_11","Default",,,,"Bounty","Wanted_11",,,
"Wanted12","true","TID_WANTED_12","Default",,,,"Bounty","Wanted_12",,"true",
"Wanted13",,"TID_WANTED_13","RumbleJungle",,,,"Bounty","Wanted_13","OwenReds","true",
"Wanted14",,"TID_WANTED_14","StuntShow",,,,"Bounty","Wanted_14",,"true",
"LNYWanted1","true","TID_WANTED_9","Default",,,,"Bounty","Wanted_10",,,
"LNYWanted2","true","TID_WANTED_11","Default",,,,"Bounty","Wanted_11",,,
"LNYWanted3","true","TID_WANTED_12","Default",,,,"Bounty","Wanted_12",,,
"LNYWanted4","true","TID_WANTED_13","Default",,,,"Bounty","Wanted_13","OwenReds",,
"LNYWanted5","true","TID_WANTED_14","Default",,,,"Bounty","Wanted_14",,,
"LNYGemgrab1","true","TID_GOLDRUSH_4","Default",,,,"GemGrab","Wanted_3",,,
"LNYGemgrab2","true","TID_GOLDRUSH_5","Default",,,,"GemGrab","Gemgrab_5_LNY",,,
"LNYGemgrab3","true","TID_GOLDRUSH_6","Default",,,,"GemGrab","Gemgrab_4_LNY",,,
"Ball8","true","TID_WANTED_10","GrassfieldBeachBall",,,,"BrawlBall","Laserball_8",,,
"Survival10","true","TID_BATTLE_ROYALE_10","DefaultShowdown",,,,"Showdown","Survival_10","Binnyboy",,
"SurvivalTeam10","true","TID_BATTLE_ROYALE_10","DefaultShowdown",,,,"DuoShowdown","Survival_10","Binnyboy",,
"Survival13","true","TID_BATTLE_ROYALE_D2","DefaultShowdown",,,,"Showdown","Survival_13",,,
"SurvivalTeam13","true","TID_BATTLE_ROYALE_D2","DefaultShowdown",,,,"DuoShowdown","Survival_13",,,
"Siege1","true","TID_ROBO_WARS_6","Scrapyard",,,,"Siege","Siege_1",,,
"Siege2","true","TID_ROBO_WARS_8","Scrapyard",,,,"Siege","Siege_2",,,
"Siege3","true","TID_ROBO_WARS_7","Scrapyard",,,,"Siege","Siege_3",,,
"CRoyale","true","TID_BANKHEIST_14","Default",,,,"Heist","CRoyale","DuccioCh",,
"Survival14","true","TID_BATTLE_ROYALE_17","DefaultShowdown",,,,"Showdown","Survival_14","Maxymus","true",
"SurvivalTeam14","true","TID_BATTLE_ROYALE_17","DefaultShowdown",,,,"DuoShowdown","Survival_14","Maxymus","true",
"Survival15","true","TID_BATTLE_ROYALE_13","DefaultShowdown",,,,"Showdown","Survival_15","Mordeus",,
"SurvivalTeam15","true","TID_BATTLE_ROYALE_13","DefaultShowdown",,,,"DuoShowdown","Survival_15","Mordeus",,
"Survival16","true","TID_BATTLE_ROYALE_19","DefaultShowdown",,,,"Showdown","Survival_16","Meme-grabbee",,
"SurvivalTeam16","true","TID_BATTLE_ROYALE_19","DefaultShowdown",,,,"DuoShowdown","Survival_16","Meme-grabbee",,
"Survival17","true","TID_BATTLE_ROYALE_23","DefaultShowdown",,,,"Showdown","Survival_17","OwenReds",,
"SurvivalTeam17","true","TID_BATTLE_ROYALE_23","DefaultShowdown",,,,"DuoShowdown","Survival_17","OwenReds",,
"Survival18","true","TID_BATTLE_ROYALE_21","DefaultShowdown",,,,"Showdown","Survival_18","Pentagonal Cubes",,
"SurvivalTeam18","true","TID_BATTLE_ROYALE_21","DefaultShowdown",,,,"DuoShowdown","Survival_18","Pentagonal Cubes",,
"Gemgrab12","true","TID_GOLDRUSH_12","Default",,,,"GemGrab","Gemgrab_12","ash",,
"Gemgrab13","true","TID_GOLDRUSH_13","Default",,,,"GemGrab","Gemgrab_13","Electra Drake",,
"Gemgrab14","true","TID_GOLDRUSH_23","Default",,,,"GemGrab","Gemgrab_10","Lewinham",,
"Gemgrab15","true","TID_GOLDRUSH_17","Default",,,,"GemGrab","Gemgrab_15","Mordeus",,
"Gemgrab16",,"TID_GOLDRUSH_25","RumbleJungle",,,,"GemGrab","Gemgrab_16","benci","true",
"Gemgrab17","true","TID_GOLDRUSH_24","Default",,,,"GemGrab","Gemgrab_17","Lab2point0",,
"Gemgrab18","true","TID_GOLDRUSH_19","Default",,,,"GemGrab","Gemgrab_18","freezeemilk",,
"Ball9","true","TID_BALL_15","Grassfield",,,,"BrawlBall","Laserball_9","Mordeus",,
"Biggame1","true","TID_BOSS_4","DefaultShowdown",,,,"BigGame","Biggame_1","OwenReds","false",
"Biggame2","true","TID_BOSS_3","DefaultShowdown",,,,"BigGame","Biggame_2","OwenReds","false",
"Training","true",,"OldTownTutorial",,,,"Training","Training",,"false",
"Gemgrab19",,"TID_GOLDRUSH_31","MineTrainTracks",,,,"GemGrab","Gemgrab_19",,"true",
"Survival19",,"TID_BATTLE_ROYALE_28","StuntShowdown",,,,"Showdown","Survival_19","Mordeus",,
"SurvivalTeam19",,"TID_BATTLE_ROYALE_28","StuntShowdown",,,,"DuoShowdown","Survival_19","Mordeus",,
"Survival20","TRUE","TID_BATTLE_ROYALE_31","DefaultShowdown",,,,"Showdown","Survival_20","OwenReds",,
"SurvivalTeam20","TRUE","TID_BATTLE_ROYALE_31","DefaultShowdown",,,,"DuoShowdown","Survival_20","OwenReds",,
"Siege4","true","TID_ROBO_WARS_13","Scrapyard",,,,"Siege","Siege_4","OwenReds",,
"Siege5","true","TID_ROBO_WARS_11","Scrapyard",,,,"Siege","Siege_5","Binnyboy",,
"Siege6","true","TID_ROBO_WARS_10","Scrapyard",,,,"Siege","Siege_6","Binnyboy",,
"Siege7","true","TID_ROBO_WARS_4","Scrapyard",,,,"Siege","Siege_7","OwenReds",,
"Siege8","true","TID_ROBO_WARS_12","Scrapyard",,,,"Siege","Siege_8","Mordeus",,
"Ball10","true","TID_BALL_17","Grassfield",,,,"BrawlBall","Laserball_10","Mordeus","true",
"Raid4","true","TID_ROBO_WARS_14","DefaultShowdown",,,,"BossFight","Raid_4",,,
"Ball11","true","TID_BALL_21","Grassfield",,,,"BrawlBall","Laserball_11","ash",,
"Survival21","true","TID_BATTLE_ROYALE_16","DefaultShowdown",,,,"Showdown","Survival_21","Mordeus",,
"SurvivalTeam21","true","TID_BATTLE_ROYALE_16","DefaultShowdown",,,,"DuoShowdown","Survival_21","Mordeus",,
"Heist14",,"TID_BANKHEIST_14B","RumbleJungle",,,,"Heist","Bankheist_14","Lex","true",
"Heist15","true","TID_BANKHEIST_15","Default",,,,"Heist","Bankheist_15","OwenReds",,
"Gemgrab20","true","TID_GOLDRUSH_21","Default",,,,"GemGrab","Gemgrab_20",,,
"Gemgrab21","true","TID_GOLDRUSH_21C","Default",,,,"GemGrab","Gemgrab_21","Frep",,
"Siege9","true","TID_ROBO_WARS_2","Scrapyard",,,,"Siege","Siege_9","Mr. Lee",,
"Siege10","true","TID_ROBO_WARS_3","Scrapyard",,,,"Siege","Siege_10","G.W.B.S.",,
"Ball12",,"TID_BALL_22","Grassfield",,,,"BrawlBall","Laserball_12","FeFaLah","true",
"Ball13","true","TID_BALL_23","Grassfield",,,,"BrawlBall","Laserball_13","Chief Pekka","true",
"Heist16","true","TID_BANKHEIST_16","Default",,,,"Heist","Bankheist_16","Thomas P.",,
"Heist17","true","TID_BANKHEIST_17B","Default",,,,"Heist","Bankheist_17","Sir.Hocus",,
"Gemgrab22",,"TID_GOLDRUSH_22","StuntShow",,,,"GemGrab","Gemgrab_22","Milan R.",,
"Gemgrab23","true","TID_GOLDRUSH_33","Default",,,,"GemGrab","Gemgrab_23","OwenReds",,
"Wanted15","true","TID_WANTED_16","Default",,,,"Bounty","Wanted_15","Justin W.",,
"Wanted16","true","TID_WANTED_17","Default",,,,"Bounty","Wanted_16","Ossama H.",,
"Heist18","true","TID_BANKHEIST_18B","Default",,,,"Heist","Bankheist_18","Mordeus",,
"Survival22","true","TID_BATTLE_ROYALE_22A","DefaultShowdown",,,,"Showdown","Survival_22","feimao",,
"SurvivalTeam22","true","TID_BATTLE_ROYALE_22A","DefaultShowdown",,,,"DuoShowdown","Survival_22","feimao",,
"Survival23","true","TID_BATTLE_ROYALE_23A","DefaultShowdown",,,,"Showdown","Survival_23","Cloudy",,
"SurvivalTeam23","true","TID_BATTLE_ROYALE_23A","DefaultShowdown",,,,"DuoShowdown","Survival_23","Cloudy",,
"Survival24","true","TID_BATTLE_ROYALE_24A","DefaultShowdown",,,,"Showdown","Survival_24","OwenReds",,
"SurvivalTeam24","true","TID_BATTLE_ROYALE_24A","DefaultShowdown",,,,"DuoShowdown","Survival_24","OwenReds",,
"Gemgrab24","true","TID_GOLDRUSH_24A","Default",,,,"GemGrab","Gemgrab_24","Milan Ryba",,
"Wanted17","true","TID_WANTED_17B","Default",,,,"Bounty","Wanted_17","ToxinLab",,
"Ball14",,"TID_BALL_14A","Grassfield",,,,"BrawlBall","Laserball_14","OwenReds",,
"Ball15","true","TID_BALL_15A","Grassfield",,,,"BrawlBall","Laserball_15","Silver Beast",,
"Ball16","true","TID_BALL_16A","Grassfield",,,,"BrawlBall","Laserball_16","Binnyboy",,
"Ball17","true","TID_BALL_17A","Grassfield",,,,"BrawlBall","Laserball_17","Ellisimo",,
"Ball18","true","TID_BALL_18A","Grassfield",,,,"BrawlBall","Laserball_18","Frep",,
"Survival25","true","TID_BATTLE_ROYALE_30A","DefaultShowdown",,,,"Showdown","Survival_25","Mordeus",,
"SurvivalTeam25","true","TID_BATTLE_ROYALE_30A","DefaultShowdown",,,,"DuoShowdown","Survival_25","Mordeus",,
"BossRace1","true","TID_BOSS_RACE_1","DefaultShowdown",,,,"Takedown","BossRace_1",,"false",
"BossRace2","true","TID_BOSS_RACE_2","DefaultShowdown",,,,"Takedown","BossRace_2","Mordeus","false",
"BossRace3","true","TID_BOSS_RACE_3","DefaultShowdown",,,,"Takedown","BossRace_3",,"false",
"BossRace4","true","TID_BOSS_RACE_4","DefaultShowdown",,,,"Takedown","BossRace_4",,"false",
"BossRace5","true","TID_BOSS_RACE_5","IslandShowdown",,,,"Takedown","BossRace_5",,"false",
"BossRace6","true","TID_BOSS_RACE_6","DefaultShowdown",,,,"Takedown","BossRace_6",,"false",
"BossRace7","true","TID_BOSS_RACE_7","DefaultShowdown",,,,"Takedown","BossRace_7",,"false",
"SoloBounty1","true","TID_LONESTAR_02","DefaultShowdown",,,,"LoneStar","Solobounty_2","_Shqdowz_",,
"SoloBounty2","true","TID_LONESTAR_03","DefaultShowdown",,,,"LoneStar","Solobounty_3","Cindy",,
"SoloBounty3","true","TID_LONESTAR_04","DefaultShowdown",,,,"LoneStar","Solobounty_4","iEnjoy",,
"SoloBounty4","true","TID_LONESTAR_05","DefaultShowdown",,,,"LoneStar","Solobounty_5","DustyBud",,
"SoloBounty5","true","TID_LONESTAR_06","DefaultShowdown",,,,"LoneStar","Solobounty_6","Frep",,
"SoloBounty6","true","TID_LONESTAR_07","DefaultShowdown",,,,"LoneStar","Solobounty_7","ToxinLab",,
"SoloBounty7","true","TID_LONESTAR_08","DefaultShowdown",,,,"LoneStar","Solobounty_8","OwenReds",,
"BossRace8","true","TID_BOSS_RACE_8","DefaultShowdown",,,,"Takedown","BossRace_8","-iLast","false",
"BossRace9","true","TID_BOSS_RACE_9","DefaultShowdown",,,,"Takedown","BossRace_9","Binnyboy","false",
"BossRace10","true","TID_BOSS_RACE_10","DefaultShowdown",,,,"Takedown","BossRace_10","OwenReds","false",
"BossRace11","true","TID_BOSS_RACE_11","DefaultShowdown",,,,"Takedown","BossRace_11","Mordeus","false",
"BossRace12","true","TID_BATTLE_ROYALE_18","DefaultShowdown",,,,"Takedown","BossRace_12","Chief Pekka","false",
"BossRace13","true","TID_BOSS_RACE_13","DefaultShowdown",,,,"Takedown","BossRace_13","_Shqdowz_","false",
"BossRace14","true","TID_BOSS_RACE_14","DefaultShowdown",,,,"Takedown","BossRace_14","Cloudy","false",
"Graves1","true","TID_BATTLE_ROYALE_1","DefaultShowdown",,,,"Showdown","Survival_1",,,
"GravesTeam1","true","TID_BATTLE_ROYALE_1","DefaultShowdown",,,,"DuoShowdown","Survival_1",,,
"Graves2","true","TID_BATTLE_ROYALE_12","DefaultShowdown",,,,"Showdown","Survival_12","Tony_A9",,
"GravesTeam2","true","TID_BATTLE_ROYALE_12","DefaultShowdown",,,,"DuoShowdown","Survival_12","Tony_A9",,
"Graves3","true","TID_BATTLE_ROYALE_5","DefaultShowdown",,,,"Showdown","Survival_33","Mordeus",,
"GravesTeam3","true","TID_BATTLE_ROYALE_5","DefaultShowdown",,,,"DuoShowdown","Survival_33","Mordeus",,
"Graves4","true","TID_BATTLE_ROYALE_13","DefaultShowdown",,,,"Showdown","Survival_15","Mordeus",,
"GravesTeam4","true","TID_BATTLE_ROYALE_13","DefaultShowdown",,,,"DuoShowdown","Survival_15","Mordeus",,
"Graves5","true","TID_LONESTAR_01","DefaultShowdown",,,,"Showdown","Solobounty_1","ash",,
"GravesTeam5","true","TID_LONESTAR_01","DefaultShowdown",,,,"DuoShowdown","Solobounty_1","ash",,
"Graves6","true","TID_BATTLE_ROYALE_17","DefaultShowdown",,,,"Showdown","Survival_14","Maxymus",,
"GravesTeam6","true","TID_BATTLE_ROYALE_17","DefaultShowdown",,,,"DuoShowdown","Survival_14","Maxymus",,
"Graves7","true","TID_BATTLE_ROYALE_21","DefaultShowdown",,,,"Showdown","Survival_18","Pentagonal Cubes",,
"GravesTeam7","true","TID_BATTLE_ROYALE_21","DefaultShowdown",,,,"DuoShowdown","Survival_18","Pentagonal Cubes",,
"CaptureTheFlag2","true","TID_TROPHYTHIEVES_01","Default",,,,"CTF","CaptureTheFlag_2",,,
"CaptureTheFlag3","true","TID_TROPHYTHIEVES_02","Default",,,,"CTF","CaptureTheFlag_3","Binnyboy",,
"CaptureTheFlag4","true","TID_TROPHYTHIEVES_03","Default",,,,"CTF","CaptureTheFlag_4","Binnyboy",,
"CaptureTheFlag5","true","TID_TROPHYTHIEVES_04","Default",,,,"CTF","CaptureTheFlag_5","OwenReds",,
"CaptureTheFlag6","true","TID_TROPHYTHIEVES_05","Default",,,,"CTF","CaptureTheFlag_6","ToxinLab",,
"CaptureTheFlag7","true","TID_TROPHYTHIEVES_06","Default",,,,"CTF","CaptureTheFlag_7","DustyBud",,
"CaptureTheFlag8","true","TID_TROPHYTHIEVES_07","Default",,,,"CTF","CaptureTheFlag_8","Cloudy",,
"Gemgrab25","true","TID_GOLDRUSH_35","Default",,,,"GemGrab","Gemgrab_25","Cloudy",,
"Gemgrab26","true","TID_GOLDRUSH_37","Default",,,,"GemGrab","Gemgrab_26","Cindy",,
"Gemgrab27","true","TID_GOLDRUSH_38","Default",,,,"GemGrab","Gemgrab_27","ToxinLab",,
"Gemgrab28","true","TID_GOLDRUSH_43","Default",,,,"GemGrab","Gemgrab_28","DustyBud",,
"Gemgrab29","true","TID_GOLDRUSH_44","Default",,,,"GemGrab","Gemgrab_29","OwenReds",,
"Gemgrab30","true","TID_GOLDRUSH_45","Default",,,,"GemGrab","Gemgrab_30","Chief Pekka",,
"Gemgrab31","true","TID_GOLDRUSH_36","Default",,,,"GemGrab","Gemgrab_31","gradient33",,
"Heist19","true","TID_BANKHEIST_23","Default",,,,"Heist","Bankheist_19","Chief Pekka",,
"Heist20","true","TID_BANKHEIST_20","Default",,,,"Heist","Bankheist_20","gradient33","true",
"Wanted18","true","TID_WANTED_23","Default",,,,"Bounty","Wanted_18","Biono",,
"Wanted19","true","TID_WANTED_20","Default",,,,"Bounty","Wanted_19","TCGLouis",,
"Survival26","true","TID_BATTLE_ROYALE_41","DefaultShowdown",,,,"Showdown","Survival_26","Frep",,
"SurvivalTeam26","true","TID_BATTLE_ROYALE_41","DefaultShowdown",,,,"DuoShowdown","Survival_26","Frep",,
"Survival27","true","TID_BATTLE_ROYALE_35","DefaultShowdown",,,,"Showdown","Survival_27","The Red Brawler",,
"SurvivalTeam27","true","TID_BATTLE_ROYALE_35","DefaultShowdown",,,,"DuoShowdown","Survival_27","The Red Brawler",,
"Survival28","true","TID_BATTLE_ROYALE_40","DefaultShowdown",,,,"Showdown","Survival_28","Gavyn1114",,
"SurvivalTeam28","true","TID_BATTLE_ROYALE_40","DefaultShowdown",,,,"DuoShowdown","Survival_28","Gavyn1114",,
"Survival29","true","TID_BATTLE_ROYALE_43","DefaultShowdown",,,,"Showdown","Survival_29","OwenReds",,
"SurvivalTeam29","true","TID_BATTLE_ROYALE_43","DefaultShowdown",,,,"DuoShowdown","Survival_29","OwenReds",,
"Survival30","true","TID_BATTLE_ROYALE_34","DefaultShowdown",,,,"Showdown","Survival_30","Cloudy",,
"SurvivalTeam30","true","TID_BATTLE_ROYALE_34","DefaultShowdown",,,,"DuoShowdown","Survival_30","Cloudy",,
"Survival31","true","TID_BATTLE_ROYALE_37","DefaultShowdown",,,,"Showdown","Survival_31","Binnyboy",,
"SurvivalTeam31","true","TID_BATTLE_ROYALE_37","DefaultShowdown",,,,"DuoShowdown","Survival_31","Binnyboy",,
"Survival32","true","TID_BATTLE_ROYALE_38","DefaultShowdown",,,,"Showdown","Survival_32","gradient33",,
"SurvivalTeam32","true","TID_BATTLE_ROYALE_38","DefaultShowdown",,,,"DuoShowdown","Survival_32","gradient33",,
"Survival33","true","TID_GOLDRUSH_46","DefaultShowdown",,,,"Showdown","Survival_33","Mordeus",,
"SurvivalTeam33","true","TID_GOLDRUSH_46","DefaultShowdown",,,,"DuoShowdown","Survival_33","Mordeus",,
"Ball19","true","TID_BALL_8","GrassfieldBeachBall",,,,"BrawlBall","Laserball_19",,,
"Ball20","true","TID_BALL_9","GrassfieldBeachBall",,,,"BrawlBall","Laserball_20",,,
"Ball21","true","TID_BALL_10","GrassfieldBeachBall",,,,"BrawlBall","Laserball_21",,,
"Ball22","true","TID_BALL_11","GrassfieldBeachBall",,,,"BrawlBall","Laserball_22",,,
"Ball23","true","TID_BALL_12","GrassfieldBeachBall",,,,"BrawlBall","Laserball_23",,,
"Ball24","true","TID_BALL_13","GrassfieldBeachBall",,,,"BrawlBall","Laserball_24",,,
"Ball25","true","TID_BALL_16","GrassfieldBeachBall",,,,"BrawlBall","Laserball_25",,,
"Graves8","true","TID_BATTLE_ROYALE_6","DefaultShowdown",,,,"Showdown","Survival_6",,,
"GravesTeam8","true","TID_BATTLE_ROYALE_6","DefaultShowdown",,,,"DuoShowdown","Survival_6",,,
"KingOfHill1","true","TID_KING_OF_HILL_9","Default",,,,"KingOfHill","KingOfHill_1",,"true",
"KingOfHill2","true","TID_KING_OF_HILL_11","Default",,,,"KingOfHill","KingOfHill_2",,,
"KingOfHill3",,"TID_KING_OF_HILL_3","RumbleJungle",,,,"KingOfHill","KingOfHill_3","Mordeus",,
"KingOfHill4","true","TID_KING_OF_HILL_4","Default",,,,"KingOfHill","KingOfHill_4","Mordeus",,
"KingOfHill5","true","TID_KING_OF_HILL_5","Default",,,,"KingOfHill","KingOfHill_5","Mordeus","true",
"KingOfHill6","true","TID_KING_OF_HILL_6","Default",,,,"KingOfHill","KingOfHill_6","Mordeus",,
"KingOfHill7","true","TID_KING_OF_HILL_7","Default",,,,"KingOfHill","KingOfHill_7","Mordeus",,
"Ball26","true","TID_BALL_30","Grassfield",,,,"BrawlBall","Laserball_26","Hypahn",,
"Ball27","true","TID_BALL_31","Grassfield",,,,"BrawlBall","Laserball_27","DustyBud",,
"Ball28","true","TID_BALL_32","GrassfieldBeachBall",,,,"BrawlBall","Laserball_28","S3nNy ツ",,
"Ball29","true","TID_BALL_33","Grassfield",,,,"BrawlBall","Laserball_29","brawl123456789",,
"Ball30","true","TID_BALL_34","GrassfieldBeachBall",,,,"BrawlBall","Laserball_30","Cloudy",,
"Survival34","true","TID_BATTLE_ROYALE_44","DefaultShowdown",,,,"Showdown","Survival_34","Mordeus",,
"SurvivalTeam34","true","TID_BATTLE_ROYALE_44","DefaultShowdown",,,,"DuoShowdown","Survival_34","Mordeus",,
"Ball6_PSG","true","TID_BALL_6","Grassfield",,,,"BrawlBall","Laserball_6","Mordeus",,
"Ball9_PSG","true","TID_BALL_15","Grassfield",,,,"BrawlBall","Laserball_9","Mordeus",,
"Ball26_PSG","true","TID_BALL_30","Grassfield",,,,"BrawlBall","Laserball_26","Hypahn",,
"Siege15","true","TID_ROBO_WARS_15","Scrapyard",,,,"Siege","Siege_15","ChichoRD",,
"Siege16","true","TID_ROBO_WARS_16","Scrapyard",,,,"Siege","Siege_16","Joop",,
"Siege17","true","TID_ROBO_WARS_17","Scrapyard",,,,"Siege","Siege_17","OliveOil",,
"Wanted27","true","TID_WANTED_27","Default",,,,"Bounty","Wanted_27","DustyBud",,
"Wanted28","true","TID_WANTED_28","Default",,,,"Bounty","Wanted_28","tentien",,
"Heist27","true","TID_BANKHEIST_27","Default",,,,"Heist","Bankheist_27","Chief Pekka",,
"Heist28","true","TID_BANKHEIST_28","Default",,,,"Heist","Bankheist_28","ChichoRD",,
"Raid_TownCrush1","true","TID_RAID_TOWN_CRUSH_1","Default",,,,"BossFight_TownCrush","RaidTownCrush_1",,,
"Survival45","true","TID_BATTLE_ROYALE_45","DefaultShowdown",,,,"Showdown","Survival_45","PEACH",,
"SurvivalTeam45","true","TID_BATTLE_ROYALE_45","DefaultShowdown",,,,"DuoShowdown","Survival_45","PEACH",,
"Survival47","true","TID_BATTLE_ROYALE_47","DefaultShowdown",,,,"Showdown","Survival_47","❤❤❤",,
"SurvivalTeam47","true","TID_BATTLE_ROYALE_47","DefaultShowdown",,,,"DuoShowdown","Survival_47","❤❤❤",,
"Survival49","true","TID_BATTLE_ROYALE_49","DefaultShowdown",,,,"Showdown","Survival_49","iLast",,
"SurvivalTeam49","true","TID_BATTLE_ROYALE_49","DefaultShowdown",,,,"DuoShowdown","Survival_49","iLast",,
"Survival50","true","TID_BATTLE_ROYALE_50","DefaultShowdown",,,,"Showdown","Survival_50","Granny Smith",,
"SurvivalTeam50","true","TID_BATTLE_ROYALE_50","DefaultShowdown",,,,"DuoShowdown","Survival_50","Granny Smith",,
"Survival51","true","TID_BATTLE_ROYALE_51","DefaultShowdown",,,,"Showdown","Survival_51","Binnyboy",,
"SurvivalTeam51","true","TID_BATTLE_ROYALE_51","DefaultShowdown",,,,"DuoShowdown","Survival_51","Binnyboy",,
"Survival52","true","TID_BATTLE_ROYALE_52","DefaultShowdown",,,,"Showdown","Survival_52","kawaiishark",,
"SurvivalTeam52","true","TID_BATTLE_ROYALE_52","DefaultShowdown",,,,"DuoShowdown","Survival_52","kawaiishark",,
"Survival53","true","TID_BATTLE_ROYALE_53","DefaultShowdown",,,,"Showdown","Survival_53","BubbyDraggo",,
"SurvivalTeam53","true","TID_BATTLE_ROYALE_53","DefaultShowdown",,,,"DuoShowdown","Survival_53","BubbyDraggo",,
"Survival54","true","TID_GOLDRUSH_46","DefaultShowdown",,,,"Showdown","Survival_54","Mordeus",,
"SurvivalTeam54","true","TID_GOLDRUSH_46","DefaultShowdown",,,,"DuoShowdown","Survival_54","Mordeus",,
"Survival48","true","TID_BATTLE_ROYALE_46","DefaultShowdown",,,,"Showdown","Survival_46","Nita!",,
"SurvivalTeam48","true","TID_BATTLE_ROYALE_46","DefaultShowdown",,,,"DuoShowdown","Survival_46","Nita!",,
"KingOfHill8","true","TID_GOLDRUSH_XMAS_3","Default",,,,"KingOfHill","KingOfHill_8",,,
"KingOfHill9","true","TID_GOLDRUSH_55","Default",,,,"KingOfHill","KingOfHill_9",,,
"KingOfHill10","true","TID_KING_OF_HILL_28","Default",,,,"KingOfHill","KingOfHill_10","Collab❤",,
"KingOfHill11","true","TID_KING_OF_HILL_18","Default",,,,"KingOfHill","KingOfHill_11","Mordeus",,
"KingOfHill12",,"TID_KING_OF_HILL_22","DeepSea",,,,"KingOfHill","KingOfHill_12","Mordeus",,
"KingOfHill13",,"TID_KING_OF_HILL_23","RumbleJungle",,,,"KingOfHill","KingOfHill_13","Mordeus","true",
"KingOfHill14",,"TID_KING_OF_HILL_20","Default",,,,"KingOfHill","KingOfHill_14","Mordeus","true",
"Wanted29","true","TID_GOLDRUSH_63","Default",,,,"Bounty","Wanted_29","Frank™",,
"Gemgrab32","true","TID_GOLDRUSH_32T","Default",,,,"GemGrab","Gemgrab_32",,,
"Gemgrab33","true","TID_GOLDRUSH_33T","Default",,,,"GemGrab","Gemgrab_33",,,
"Gemgrab34","true","TID_GOLDRUSH_34T","Default",,,,"GemGrab","Gemgrab_34",,,
"KingOfHill15","true","TID_KING_OF_HILL_15F","Default",,,,"KingOfHill","KingOfHill_15F",,,
"KingOfHill16",,"TID_KING_OF_HILL_16F","RumbleJungle",,,,"KingOfHill","KingOfHill_16F",,"true",
"Wanted30","true","TID_WANTED_30T","Default",,,,"Bounty","Wanted_30",,,
"Heist29","true","TID_BANKHEIST_29T","Default",,,,"Heist","Bankheist_29",,,
"KingOfHill17","true","TID_KING_OF_HILL_30","Default",,,,"KingOfHill","KingOfHill_17",,,
"KingOfHill18","true","TID_KING_OF_HILL_31","Default",,,,"KingOfHill","KingOfHill_18",,,
"PlayerMapTemplate","true","TID_GOLDRUSH_1","Default",,,,"GemGrab","Gemgrab_1",,,
"KingOfHill20",,"TID_KING_OF_HILL_20F","Arcade",,,,"KingOfHill","KingOfHill_20F",,"true",
"Graves9","true","TID_BATTLE_ROYALE_47","DefaultShowdown",,,,"Showdown","Survival_47","❤❤❤",,
"GravesTeam9","true","TID_BATTLE_ROYALE_47","DefaultShowdown",,,,"DuoShowdown","Survival_47","❤❤❤",,
"Graves10","true","TID_BATTLE_ROYALE_49","DefaultShowdown",,,,"Showdown","Survival_49","iLast",,
"GravesTeam10","true","TID_BATTLE_ROYALE_49","DefaultShowdown",,,,"DuoShowdown","Survival_49","iLast",,
"Graves11","true","TID_BATTLE_ROYALE_50","DefaultShowdown",,,,"Showdown","Survival_50","Granny Smith",,
"GravesTeam11","true","TID_BATTLE_ROYALE_50","DefaultShowdown",,,,"DuoShowdown","Survival_50","Granny Smith",,
"Graves12","true","TID_BATTLE_ROYALE_51","DefaultShowdown",,,,"Showdown","Survival_51","Binnyboy",,
"GravesTeam12","true","TID_BATTLE_ROYALE_51","DefaultShowdown",,,,"DuoShowdown","Survival_51","Binnyboy",,
"Graves13","true","TID_BATTLE_ROYALE_52","DefaultShowdown",,,,"Showdown","Survival_52","kawaiishark",,
"GravesTeam13","true","TID_BATTLE_ROYALE_52","DefaultShowdown",,,,"DuoShowdown","Survival_52","kawaiishark",,
"Graves14","true","TID_BATTLE_ROYALE_53","DefaultShowdown",,,,"Showdown","Survival_53","BubbyDraggo",,
"GravesTeam14","true","TID_BATTLE_ROYALE_53","DefaultShowdown",,,,"DuoShowdown","Survival_53","BubbyDraggo",,
"Graves15","true","TID_BATTLE_ROYALE_46","DefaultShowdown",,,,"Showdown","Survival_46","Nita!",,
"GravesTeam15","true","TID_BATTLE_ROYALE_46","DefaultShowdown",,,,"DuoShowdown","Survival_46","Nita!",,
"Coop5","true","TID_COOP_7","DefaultShowdown",,,,"RoboRumble","Coop_5",,,
"Coop6","true","TID_COOP_8","DefaultShowdown",,,,"RoboRumble","Coop_6",,,
"BossFight5","true","TID_BOSS_8","Default",,,,"BigGame","BossFight_5",,"false",
"BossFight6","true","TID_BOSS_7","Default",,,,"BigGame","BossFight_6",,"false",
"Raid5","true","TID_RAID_4","DefaultShowdown",,,,"BossFight","Raid_5",,,
"Raid6","true","TID_RAID_5","DefaultShowdown",,,,"BossFight","Raid_6",,,
"Gemgrab35","true","TID_GOLDRUSH_35C","Default",,,,"GemGrab","Gemgrab_35","*.+Ľûpųş+.*",,
"CaptureTheFlag9","true","TID_TROPHYTHIEVES_08","Default",,,,"CTF","CaptureTheFlag_9",,,
"CaptureTheFlag10","true","TID_TROPHYTHIEVES_09","Default",,,,"CTF","CaptureTheFlag_10",,,
"CaptureTheFlag11","true","TID_TROPHYTHIEVES_10","Default",,,,"CTF","CaptureTheFlag_11",,,
"CaptureTheFlag12","true","TID_TROPHYTHIEVES_11","Default",,,,"CTF","CaptureTheFlag_12","Mordeus",,
"CaptureTheFlag13","true","TID_TROPHYTHIEVES_12","Default",,,,"CTF","CaptureTheFlag_13","Mordeus",,
"CaptureTheFlag14","true","TID_TROPHYTHIEVES_13","Default",,,,"CTF","CaptureTheFlag_14","Mordeus",,
"CaptureTheFlag15","true","TID_TROPHYTHIEVES_14","Default",,,,"CTF","CaptureTheFlag_15",,,
"Siege19","true","TID_JAN2021MAPS_21","Scrapyard",,,,"Siege","Siege_19","Q16D (aka Świerszczu)",,
"Wanted20","true","TID_JAN2021MAPS_22","Default",,,,"Bounty","Wanted_20","AJ ( ˘ ³˘)",,
"Ball31","true","TID_JAN2021MAPS_5","GrassfieldBeachBall",,,,"BrawlBall","Laserball_31","McBastos",,
"Ball32","true","TID_JAN2021MAPS_2","Grassfield",,,,"BrawlBall","Laserball_32","⚡MićoGamer⚡",,
"Ball33","true","TID_JAN2021MAPS_6","Grassfield",,,,"BrawlBall","Laserball_33","No i Wont",,
"Ball34","true","TID_JAN2021MAPS_31","GrassfieldBeachBall",,,,"BrawlBall","Laserball_34","Mordeus",,
"Ball35","true","TID_JAN2021MAPS_7","Grassfield",,,,"BrawlBall","Laserball_35","Frep",,
"Ball36","true","TID_JAN2021MAPS_8","Grassfield",,,,"BrawlBall","Laserball_36","Ellisimo",,
"Gemgrab36",,"TID_JAN2021MAPS_4","Arcade",,,,"GemGrab","Gemgrab_36","TR | Miqu3",,
"Gemgrab37","true","TID_JAN2021MAPS_3","Default",,,,"GemGrab","Gemgrab_37","BK|PoneySwagg",,
"Gemgrab38","true","TID_JAN2021MAPS_17","Default",,,,"GemGrab","Gemgrab_38","RealCanadian",,
"Heist21","true","TID_JAN2021MAPS_19","Default",,,,"Heist","Bankheist_21","FeFaLah",,
"Heist22","true","TID_JAN2021MAPS_20","Default",,,,"Heist","Bankheist_22","BiohazarD","true",
"KingOfHill21","true","TID_JAN2021MAPS_15","Default",,,,"KingOfHill","KingOfHill_21","TooManyPelican",,
"KingOfHill22","true","TID_JAN2021MAPS_9","Default",,,,"KingOfHill","KingOfHill_22","TCGLLight",,
"KingOfHill23","true","TID_JAN2021MAPS_10","Default",,,,"KingOfHill","KingOfHill_23","LynxRo",,
"KingOfHill24","true","TID_JAN2021MAPS_32","Default",,,,"KingOfHill","KingOfHill_24","captaincto",,
"Survival55","true","TID_JAN2021MAPS_33","DefaultShowdown",,,,"Showdown","Survival_55","AmirKaka",,
"SurvivalTeam55","true","TID_JAN2021MAPS_33","DefaultShowdown",,,,"DuoShowdown","Survival_55","AmirKaka",,
"ProtectKing1","true","MAP 1","Default",,,,"ProtectKing","Wanted_17",,,
"ProtectKing2","true","MAP 2","Default",,,,"ProtectKing","KingOfHill_1",,,
"ProtectKing3","true","MAP 3","Default",,,,"ProtectKing","KingOfHill_3",,,
"ProtectKing4","true","MAP 4","Default",,,,"ProtectKing","Gemgrab_4",,,
"ProtectKing5","true","MAP 5","Default",,,,"ProtectKing","Wanted_9",,,
"ProtectKing6","true","MAP 6","Default",,,,"ProtectKing","Gemgrab_7",,,
"Knockout1","true","TID_KNOCKOUT_01","Default",,,,"Knockout","Knockout_1",,,
"Knockout2","true","TID_KNOCKOUT_02","Default",,,,"Knockout","Knockout_2",,,
"Knockout3","true","TID_KNOCKOUT_03","Default",,,,"Knockout","Knockout_3",,,
"Knockout4","true","TID_KNOCKOUT_04","Default",,,,"Knockout","Knockout_4",,,
"Knockout5","true","TID_KNOCKOUT_05","Default",,,,"Knockout","Knockout_5",,,
"Knockout6","true","TID_KNOCKOUT_06","Default",,,,"Knockout","Knockout_6",,,
"Knockout7","true","TID_KNOCKOUT_07","Default",,,,"Knockout","Knockout_7",,,
"Knockout8",,"TID_MAR2021MAPS_14","RumbleJungle",,,,"Knockout","Knockout_8",,"true",
"Knockout9",,"TID_MAR2021MAPS_10","Default",,,,"Knockout","Knockout_9",,"true",
"Knockout10","true","TID_MAR2021MAPS_8","Default",,,,"Knockout","Knockout_10",,,
"HoldTheBall6","true","TID_HOLDTROPHY_06","Default",,,,"HoldTheBall","Dribble_06",,,
"HoldTheBall7","true","TID_HOLDTROPHY_07","Default",,,,"HoldTheBall","Dribble_07",,,
"HoldTheBall8","true","TID_HOLDTROPHY_08","Default",,,,"HoldTheBall","Dribble_08",,,
"HoldTheBall9","true","TID_HOLDTROPHY_09","Default",,,,"HoldTheBall","Dribble_09",,,
"HoldTheBall10","true","TID_HOLDTROPHY_10","Default",,,,"HoldTheBall","Dribble_10",,,
"HoldTheBall11","true","TID_HOLDTROPHY_11","Default",,,,"HoldTheBall","Dribble_11",,,
"HoldTheBall12","true","TID_HOLDTROPHY_05","Default",,,,"HoldTheBall","Dribble_12",,,
"VolleyBrawl1","true","TID_VOLLEY_01","StuntShowVolley",,,,"VolleyBrawl","VolleyBrawl_1",,,
"VolleyBrawl2","true","TID_VOLLEY_02","StuntShowVolley",,,,"VolleyBrawl","VolleyBrawl_2",,,
"VolleyBrawl3","true","TID_VOLLEY_03","Grassfield",,,,"VolleyBrawl","VolleyBrawl_3",,,
"VolleyBrawl4","true","TID_VOLLEY_04","StuntShowVolley",,,,"VolleyBrawl","VolleyBrawl_4",,,
"VolleyBrawl5","true","TID_VOLLEY_05","Grassfield",,,,"VolleyBrawl","VolleyBrawl_5",,,
"VolleyBrawl6","true","TID_VOLLEY_06","StuntShowVolley",,,,"VolleyBrawl","VolleyBrawl_6",,,
"VolleyBrawl7","true","TID_VOLLEY_07","Grassfield",,,,"VolleyBrawl","VolleyBrawl_7",,,
"BasketBrawl1","true","TID_BASKET_01","Rooftop",,,,"BasketBrawl","BasketBrawl_1",,,
"BasketBrawl2","true","TID_BASKET_02","Rooftop",,,,"BasketBrawl","BasketBrawl_2",,,
"BasketBrawl3","true","TID_BASKET_03","Rooftop",,,,"BasketBrawl","BasketBrawl_3",,,
"BasketBrawl4","true","TID_BASKET_04","Rooftop",,,,"BasketBrawl","BasketBrawl_4",,,
"BasketBrawl5","true","TID_BASKET_05","Rooftop",,,,"BasketBrawl","BasketBrawl_5",,,
"BasketBrawl6","true","TID_BASKET_06","Rooftop",,,,"BasketBrawl","BasketBrawl_6",,,
"BasketBrawl7","true","TID_BASKET_07","Rooftop",,,,"BasketBrawl","BasketBrawl_7",,,
"Survival56","true","TID_SD_JUNE21_1","DefaultShowdown",,,,"Showdown","Survival_56","Mordeus",,
"SurvivalTeam56","true","TID_SD_JUNE21_1","DefaultShowdown",,,,"DuoShowdown","Survival_56","Mordeus",,
"Survival58","true","TID_SD_JUNE21_3","DefaultShowdown",,,,"Showdown","Survival_58","DarkKnight",,
"SurvivalTeam58","true","TID_SD_JUNE21_3","DefaultShowdown",,,,"DuoShowdown","Survival_58","DarkKnight",,
"Survival59","true","TID_SD_JUNE21_4","DefaultShowdown",,,,"Showdown","Survival_59","nitis",,
"SurvivalTeam59","true","TID_SD_JUNE21_4","DefaultShowdown",,,,"DuoShowdown","Survival_59","nitis",,
"Survival60","true","TID_SD_JUNE21_5","DefaultShowdown",,,,"Showdown","Survival_60","Vortex12",,
"SurvivalTeam60","true","TID_SD_JUNE21_5","DefaultShowdown",,,,"DuoShowdown","Survival_60","Vortex12",,
"Survival61","true","TID_SD_JUNE21_6","DefaultShowdown",,,,"Showdown","Survival_61",,,
"SurvivalTeam61","true","TID_SD_JUNE21_6","DefaultShowdown",,,,"DuoShowdown","Survival_61",,,
"Survival62","true","JUNEMAP7_PLACEHOLDER","DefaultShowdown",,,,"Showdown","Survival_62",,,
"SurvivalTeam62","true","JUNEMAP7_PLACEHOLDER","DefaultShowdown",,,,"DuoShowdown","Survival_62",,,
"Gemgrab39","true","TID_GG_JUNE21_1","Default",,,,"GemGrab","Gemgrab_39","PhotonWinz",,
"Gemgrab40","true","TID_GG_JUNE21_2","Default",,,,"GemGrab","Gemgrab_40","Pufferfish",,
"Gemgrab41","true","TID_GG_JUNE21_3","Default",,,,"GemGrab","Gemgrab_41","Imfernol",,
"Gemgrab42","true","TID_GG_JUNE21_4","Default",,,,"GemGrab","Gemgrab_42","Goomy4",,
"Gemgrab43","true","TID_GG_JUNE21_5","Default",,,,"GemGrab","Gemgrab_43",,,
"Gemgrab44","true","JUNEMAP6_PLACEHOLDER","Default",,,,"GemGrab","Gemgrab_44",,,
"Ball37","true","TID_BB_JUNE21_1","Grassfield",,,,"BrawlBall","Laserball_37","OwenReds",,
"Ball38","true","TID_BB_JUNE21_2","Grassfield",,,,"BrawlBall","Laserball_38","Ellisimo",,
"Ball39","true","TID_BB_JUNE21_3","Grassfield",,,,"BrawlBall","Laserball_39","Cloudy",,
"Ball40","true","TID_BB_JUNE21_4","Grassfield",,,,"BrawlBall","Laserball_40","Galactic",,
"Ball41","true","TID_BB_JUNE21_5","Grassfield",,,,"BrawlBall","Laserball_41","amazingSuper",,
"Ball42","true","JUNEMAP6_PLACEHOLDER","Grassfield",,,,"BrawlBall","Laserball_42",,,
"Ball43","true","JUNEMAP7_PLACEHOLDER","Grassfield",,,,"BrawlBall","Laserball_43",,,
"Heist23",,"TID_HEIST_JUNE21_1","StuntShow",,,,"Heist","Bankheist_23","STB",,
"Heist24","true","TID_HEIST_JUNE21_2","Default",,,,"Heist","Bankheist_24","DarkKnight",,
"Heist25","true","TID_HEIST_JUNE21_3","Default",,,,"Heist","Bankheist_25","DarkAngel_821",,
"Heist26","true","JUNEMAP4_PLACEHOLDER","Default",,,,"Heist","Bankheist_26",,,
"KingOfHill25","true","TID_HZ_JUNE21_1","Default",,,,"KingOfHill","KingOfHill_25","Koolreaper",,
"KingOfHill26","true","TID_HZ_JUNE21_2","Default",,,,"KingOfHill","KingOfHill_26","RealCanadian ;D",,
"KingOfHill27","true","TID_HZ_JUNE21_3","Default",,,,"KingOfHill","KingOfHill_27","Sarangwon",,
"KingOfHill28","true","JUNEMAP4_PLACEHOLDER","Default",,,,"KingOfHill","KingOfHill_28",,,
"Wanted21","true","TID_BOUNTY_JUNE21_1","Default",,,,"Bounty","Wanted_21","Vortex12",,
"Wanted22","true","TID_BOUNTY_JUNE21_2","Default",,,,"Bounty","Wanted_22",,,
"Siege20","true","TID_SIEGE_JUNE21_1","Scrapyard",,,,"Siege","Siege_20","RealCanadian ;D",,
"Siege21","true","TID_SIEGE_JUNE21_2","Scrapyard",,,,"Siege","Siege_21",,,
"Knockout11","true","TID_KO_JUNE21_1","Default",,,,"Knockout","Knockout_11",,,
"Knockout12",,"TID_KO_JUNE21_2","DeepSea",,,,"Knockout","Knockout_12",,,
"Survival63","true","TID_SHOWDOWN_63","DefaultShowdown",,,,"Showdown","Survival_63","DeterminedDaaf",,
"SurvivalTeam63","true","TID_SHOWDOWN_63","DefaultShowdown",,,,"DuoShowdown","Survival_63","DeterminedDaaf",,
"Survival64","true","SD_AUGCOMP3","DefaultShowdown",,,,"Showdown","Survival_64",,,
"SurvivalTeam64","true","SD_AUGCOMP4","DefaultShowdown",,,,"DuoShowdown","Survival_64",,,
"Survival65","true","SD_AUGCOMP5","DefaultShowdown",,,,"Showdown","Survival_65",,,
"SurvivalTeam65","true","SD_AUGCOMP6","DefaultShowdown",,,,"DuoShowdown","Survival_65",,,
"Survival68","true","TID_SHOWDOWN_69","DefaultShowdown",,,,"Showdown","Survival_69",,,
"SurvivalTeam68","true","TID_SHOWDOWN_69","DefaultShowdown",,,,"DuoShowdown","Survival_69",,,
"Knockout13","true","TID_KNOCKOUT_13","Default",,,,"Knockout","Knockout_13","Poierg",,
"Knockout14","true","KO_AUGCOMP2","Default",,,,"Knockout","Knockout_14",,,
"Knockout15",,"TID_KNOCKOUT_15","Arcade",,,,"Knockout","Knockout_15","JavQuek","true",
"Heist30","true","TID_HEIST_30","Default",,,,"Heist","Bankheist_30","my name is..",,
"Heist31","true","HEIST_AUGCOMP2","Default",,,,"Heist","Bankheist_31",,,
"Heist32","true","TID_HEIST_32","Default",,,,"Heist","Bankheist_32","TooManyPelican",,
"Wanted23","true","TID_BOUNTY_23","Default",,,,"Bounty","Wanted_23","MagicalAz1",,
"Wanted24","true","TID_BOUNTY_24","Default",,,,"Bounty","Wanted_24","Edy",,
"Wanted25","true","BOUNTY_AUGCOMP2","Default",,,,"Bounty","Wanted_25",,,
"Siege22","true","SIEGE_AUGCOMP1","Scrapyard",,,,"Siege","Siege_22",,,
"Siege23","true","TID_SIEGE_23","Scrapyard",,,,"Siege","Siege_23","fatbeandee",,
"Siege24","true","TID_SIEGE_24","Scrapyard",,,,"Siege","Siege_24","DustyBud",,
"KingOfHill29","true","TID_HOTZONE_29","Default",,,,"KingOfHill","KingOfHill_29","TooManyPelican",,
"KingOfHill30","true","HZ_AUGCOMP2","Default",,,,"KingOfHill","KingOfHill_30",,,
"KingOfHill31","true","TID_HOTZONE_31","Default",,,,"KingOfHill","KingOfHill_31","Oblivious | Vibez",,
"Ball44","true","BB_AUGCOMP1","GrassfieldBeachBall",,,,"BrawlBall","Laserball_44",,,
"Ball45","true","TID_BRAWLBALL_45","GrassfieldBeachBall",,,,"BrawlBall","Laserball_45","IAmBread",,
"Ball46","true","TID_BRAWLBALL_46","GrassfieldBeachBall",,,,"BrawlBall","Laserball_46","Oski_01",,
"Gemgrab45","true","TID_GEMGRAB_45","Default",,,,"GemGrab","Gemgrab_45","Brunoistrash",,
"Gemgrab46","true","TID_GEMGRAB_46","Default",,,,"GemGrab","Gemgrab_46","Lost Lukas",,
"Gemgrab47","true","GG_AUGCOMP3","Default",,,,"GemGrab","Gemgrab_47",,,
"TagTeam1","true","TID_TAGTEAM_1","Default",,,,"TagTeam","TagTeam_1",,,
"TagTeam2","true","TID_TAGTEAM_2","Default",,,,"TagTeam","TagTeam_2",,,
"TagTeam3","true","TID_TAGTEAM_3","Default",,,,"TagTeam","TagTeam_3",,,
"TagTeam4","true","TID_TAGTEAM_4","Default",,,,"TagTeam","TagTeam_4",,,
"TagTeam5","true","TID_TAGTEAM_5","Default",,,,"TagTeam","TagTeam_5",,,
"TagTeam6","true","TID_TAGTEAM_6","Default",,,,"TagTeam","TagTeam_6",,,
"TagTeam7","true","TID_TAGTEAM_7","Default",,,,"TagTeam","TagTeam_7",,,
"TagTeam8","true","TID_TAGTEAM_8","Default",,,,"TagTeam","TagTeam_8",,,
"TagTeam9","true","TID_TAGTEAM_9","Default",,,,"TagTeam","TagTeam_9",,,
"TagTeam10","true","TID_TAGTEAM_10","Default",,,,"TagTeam","TagTeam_10",,,
"TagTeam11","true","TID_TAGTEAM_11","Default",,,,"TagTeam","TagTeam_11",,,
"TagTeam12","true","TID_TAGTEAM_12","Default",,,,"TagTeam","TagTeam_12",,,
"Deathmatch1","true","TID_DEATHMATCH_1","Default",,,,"Deathmatch","Deathmatch_1","Mordeus",,
"Payload1","true","TID_PAYLOAD_1","Default",,,,"Payload","Payload_1",,,
"Payload2","true","TID_PAYLOAD_2","Default",,,,"Payload","Payload_2",,,
"Payload3","true","TID_PAYLOAD_3","Default",,,,"Payload","Payload_3",,,
"Payload4","true","TID_PAYLOAD_4","Default",,,,"Payload","Payload_4",,,
"Deathmatch2","true","TID_DEATHMATCH_2","Default",,,,"Deathmatch","Deathmatch_2","Mordeus",,
"Deathmatch3","true","TID_DEATHMATCH_3","Default",,,,"Deathmatch","Deathmatch_3","Mordeus",,
"Deathmatch4","true","TID_DEATHMATCH_4","Default",,,,"Deathmatch","Deathmatch_4","Mordeus",,
"Deathmatch5","true","TID_DEATHMATCH_5","Default",,,,"Deathmatch","Deathmatch_5","Mordeus",,
"Deathmatch6","true","TID_DEATHMATCH_6","Default",,,,"Deathmatch","Deathmatch_6","Mordeus",,
"Deathmatch7","true","TID_DEATHMATCH_7","Default",,,,"Deathmatch","Deathmatch_7","Mordeus",,
"Deathmatch8","true","TID_DEATHMATCH_OLD","Default",,,,"Deathmatch","Knockout_7",,,
"Deathmatch9","true","TID_DEATHMATCH_OLD","Default",,,,"Deathmatch","Knockout_8",,,
"Deathmatch10","true","TID_DEATHMATCH_OLD","Default",,,,"Deathmatch","Knockout_9",,,
"Deathmatch11","true","TID_DEATHMATCH_OLD","Default",,,,"Deathmatch","Knockout_10",,,
"Gemgrab48","true","TID_GEMGRAB_48","Default",,,,"GemGrab","Gemgrab_48",,,
"SurvivalTutorial","true","TID_TUTORIAL_SD_FIRST","IslandShowdown",,,,"Showdown","Survival_Tutorial",,,
"Payload5","true","TID_PAYLOAD_5","Default",,,,"Payload","Payload_5","Mordeus",,
"Payload6","true","TID_PAYLOAD_6","Default",,,,"Payload","Payload_6","Mordeus",,
"Payload7","true","TID_PAYLOAD_7","Default",,,,"Payload","Payload_7","Mordeus",,
"Payload8","true","TID_PAYLOAD_8","Default",,,,"Payload","Payload_8","Mordeus",,
"Payload9","true","TID_PAYLOAD_9","Default",,,,"Payload","Payload_9","Mordeus",,
"Payload10","true","TID_PAYLOAD_10","Default",,,,"Payload","Payload_10","Mordeus",,
"Payload11","true","TID_PAYLOAD_11","Default",,,,"Payload","Payload_11","Mordeus",,
"Payload12","true","TID_PAYLOAD_12","Default",,,,"Payload","Payload_12","Mordeus",,
"Payload13","true","TID_PAYLOAD_13","Default",,,,"Payload","Payload_13","Mordeus",,
"Payload14","true","TID_PAYLOAD_14","Default",,,,"Payload","Payload_14","Mordeus",,
"Payload15","true","TID_PAYLOAD_15","Default",,,,"Payload","Payload_15","Mordeus",,
"Gemgrab49","true","TID_GEMGRAB_49","Default",,,,"GemGrab","Gemgrab_49","Mordeus",,
"Ball47","true","TID_BRAWLBALL_47","GrassfieldBeachBall",,,,"BrawlBall","Laserball_47","Mordeus",,
"Knockout16","true","TID_KNOCKOUT_16","Default",,,,"Knockout","Knockout_16","iLast","true",
"Knockout17",,"TID_KNOCKOUT_17","Default",,,,"Knockout","Knockout_17",,,
"KingOfHill32","true","TID_HOTZONE_32","Default",,,,"KingOfHill","KingOfHill_32","Dr. No",,
"Ball48","true","TID_BRAWLBALL_48","GrassfieldBeachBall",,,,"BrawlBall","Laserball_48","Volt",,
"Gemgrab50","true","TID_GEMGRAB_50","Default",,,,"GemGrab","Gemgrab_50","Shroky",,
"Gemgrab51","true","TID_GEMGRAB_51","Default",,,,"GemGrab","Gemgrab_51","Schnauzer",,
"Survival69","true","TID_SHOWDOWN_69","DefaultShowdown",,,,"Showdown","Survival_69","gradient33",,
"SurvivalTeam69","true","TID_SHOWDOWN_69","DefaultShowdown",,,,"DuoShowdown","Survival_69","gradient33",,
"Survival70","true","TID_SHOWDOWN_70","DefaultShowdown",,,,"Showdown","Survival_70",,,
"SurvivalTeam70","true","TID_SHOWDOWN_70","DefaultShowdown",,,,"DuoShowdown","Survival_70",,,
"Invasion1","true","TID_INVASION_1","Default",,,,"Invasion","Invasion_1","Mordeus",,
"Invasion2","true","TID_INVASION_2","Default",,,,"Invasion","Invasion_2","Mordeus",,
"Invasion3","true","TID_INVASION_3","Default",,,,"Invasion","Invasion_3","Mordeus",,
"Invasion4","true","TID_INVASION_4","Default",,,,"Invasion","Invasion_4","Mordeus",,
"Invasion5","true","TID_INVASION_5","Default",,,,"Invasion","Invasion_5","Mordeus",,
"Invasion6","true","TID_INVASION_6","Default",,,,"Invasion","Invasion_6","Mordeus",,
"Invasion7","true","TID_INVASION_7","Default",,,,"Invasion","Invasion_7","Mordeus",,
"Invasion8","true","TID_INVASION_8","Default",,,,"Invasion","Invasion_8","Mordeus",,
"Invasion9","true","TID_INVASION_9","Default",,,,"Invasion","Invasion_9","Mordeus",,
"Invasion10","true","TID_INVASION_10","Default",,,,"Invasion","Invasion_10","Mordeus",,
"Invasion11","true","TID_INVASION_11","Default",,,,"Invasion","Invasion_11","Mordeus",,
"Invasion12","true","TID_INVASION_12","Default",,,,"Invasion","Invasion_12","Mordeus",,
"Invasion13","true","TID_INVASION_13","Default",,,,"Invasion","Invasion_13","Mordeus",,
"Invasion14","true","TID_INVASION_14","Default",,,,"Invasion","Invasion_14","Mordeus",,
"Invasion15","true","TID_INVASION_15","Default",,,,"Invasion","Invasion_15","Mordeus",,
"Invasion16","true","TID_INVASION_16","Default",,,,"Invasion","Invasion_16","Mordeus",,
"KingOfHill33",,"TID_HOTZONE_33","StuntShow",,,,"KingOfHill","KingOfHill_33",,"true",
"Knockout18","true","TID_KNOCKOUT_18","Default",,,,"Knockout","Knockout_18","Oski_01","true",
"Knockout19",,"TID_KNOCKOUT_19","StuntShow",,,,"Knockout","Knockout_19",,"true",
"Heist33","true","TID_BANKHEIST_31","Default",,,,"Heist","Bankheist_33",,,
"Ball49",,"TID_BRAWLBALL_49","StuntShowBB",,,,"BrawlBall","Laserball_49",,,
"Ball50","true","TID_BRAWLBALL_50","Grassfield",,,,"BrawlBall","Laserball_50",,,
"Ball51","true","TID_BRAWLBALL_51","Grassfield",,,,"BrawlBall","Laserball_51",,,
"Ball52","true","TID_BRAWLBALL_52","Grassfield",,,,"BrawlBall","Laserball_52",,,
"SurvivalTeam71","true","TID_SHOWDOWN_71","DefaultShowdown",,,,"DuoShowdown","Survival_71","William Spencer",,
"SurvivalTeam72","true","TID_SHOWDOWN_72","DefaultShowdown",,,,"DuoShowdown","Survival_72","Stunt Freaks Team",,
"SurvivalTeam73","true","TID_SHOWDOWN_73","DefaultShowdown",,,,"DuoShowdown","Survival_73","Charles Poujade",,
"DeathmatchFFA1","true","TID_DEATHMATCH_FFA_1","DefaultShowdown",,,,"DeathmatchFFA","DeathmatchFFA_1","Mordeus",,
"DeathmatchFFA2","true","TID_DEATHMATCH_FFA_2","DefaultShowdown",,,,"DeathmatchFFA","DeathmatchFFA_2","Mordeus",,
"DeathmatchFFA3","true","TID_DEATHMATCH_FFA_3","DefaultShowdown",,,,"DeathmatchFFA","DeathmatchFFA_3","Mordeus",,
"DeathmatchFFA4","true","TID_DEATHMATCH_FFA_4","DefaultShowdown",,,,"DeathmatchFFA","DeathmatchFFA_4","Mordeus",,
"DeathmatchFFA5","true","TID_DEATHMATCH_FFA_5","DefaultShowdown",,,,"DeathmatchFFA","DeathmatchFFA_5","Mordeus",,
"DeathmatchFFA6","true","TID_DEATHMATCH_FFA_6","DefaultShowdown",,,,"DeathmatchFFA","DeathmatchFFA_6","Mordeus",,
"DeathmatchFFA7","true","TID_DEATHMATCH_FFA_7","DefaultShowdown",,,,"DeathmatchFFA","DeathmatchFFA_7","DustyBud",,
"Ball441","true","TID_BRAWLBALL_441","Grassfield",,,,"BrawlBall","Laserball_441","Mordeus",,
"Ball442",,"TID_BRAWLBALL_442","StuntShowBB",,,,"BrawlBall","Laserball_442",,,
"Knockout441","true","TID_KNOCKOUT_441","Default",,,,"Knockout","Knockout_441","Mordeus",,
"Knockout442",,"TID_KNOCKOUT_442","RumbleJungle",,,,"Knockout","Knockout_442","Ascend","true",
"Heist441","true","TID_BANKHEIST_441","Default",,,,"Heist","Bankheist_441","Mordeus",,
"Heist442","true","TID_BANKHEIST_442","Default",,,,"Heist","Bankheist_442","Milk",,
"Gemgrab441","true","TID_GEMGRAB_441","Default",,,,"GemGrab","Gemgrab_441","Mordeus",,
"Gemgrab442","true","TID_GEMGRAB_442","Default",,,,"GemGrab","Gemgrab_442","Mordeus",,
"Wanted441","true","TID_BOUNTY_441","Default",,,,"Bounty","Wanted_441","Mordeus",,
"Wanted442","true","TID_BOUNTY_442","Default",,,,"Bounty","Wanted_442","Mordeus",,
"KingOfHill441","true","TID_HOTZONE_441","Default",,,,"KingOfHill","KingOfHill_441","Mordeus",,
"KingOfHill442","true","TID_HOTZONE_442","Default",,,,"KingOfHill","KingOfHill_442","Mordeus",,
"Survival441","true","TID_SHOWDOWN_441","DefaultShowdown",,,,"Showdown","Survival_441","1nV1NC3abl",,
"SurvivalTeam441","true","TID_SHOWDOWN_441","DefaultShowdown",,,,"DuoShowdown","Survival_441","1nV1NC3abl",,
"Survival442","true","TID_SHOWDOWN_442","DefaultShowdown",,,,"Showdown","Survival_442","iLast",,
"SurvivalTeam442","true","TID_SHOWDOWN_442","DefaultShowdown",,,,"DuoShowdown","Survival_442","iLast",,
"LastStand1","true","TID_LAST_STAND_1","DefaultShowdown",,,,"LastStand","LastStand_1","Mordeus",,
"LastStand2","true","TID_LAST_STAND_2","DefaultShowdown",,,,"LastStand","LastStand_2","Mordeus",,
"LastStand3","true","TID_LAST_STAND_3","DefaultShowdown",,,,"LastStand","LastStand_3","Mordeus",,
"LastStand4","true","TID_LAST_STAND_4","DefaultShowdown",,,,"LastStand","LastStand_4","Mordeus",,
"LastStand5","true","TID_LAST_STAND_5","DefaultShowdown",,,,"LastStand","LastStand_5","Mordeus",,
"LastStand6","true","TID_LAST_STAND_6","DefaultShowdown",,,,"LastStand","LastStand_6","Mordeus",,
"ReachExit1","true","TID_LAST_STAND_1","DefaultShowdown",,,,"ReachExit","ReachExit_1",,"false","true"
"Gemgrab471","true","TID_GEMGRAB_471","Default",,,,"GemGrab","Gemgrab_471",,,
"TagTeam471","true","TID_TAGTEAM_471","RumbleJungle",,,,"TagTeam","TagTeam_471","Mordeus",,
"TagTeam472","true","TID_TAGTEAM_472","Default",,,,"TagTeam","TagTeam_472","Mordeus",,
"TagTeam473","true","TID_TAGTEAM_473","Default",,,,"TagTeam","TagTeam_473","Mordeus",,
"TagTeam474","true","TID_TAGTEAM_474","DeepSea",,,,"TagTeam","TagTeam_474","Mordeus",,
"TagTeam475","true","TID_TAGTEAM_475","Arcade",,,,"TagTeam","TagTeam_475","Mordeus",,
"TagTeam476","true","TID_TAGTEAM_476","Default",,,,"TagTeam","TagTeam_476","Mordeus",,
"TagTeam477","true","TID_TAGTEAM_477","Default",,,,"TagTeam","TagTeam_477","Volt",,
"Wanted481","true","TID_BOUNTY_481","Default",,,,"Bounty","Wanted_481",,,
"Gemgrab481","true","TID_GEMGRAB_481","Default",,,,"GemGrab","Gemgrab_481","BLAST",,
"Wanted482",,"TID_BOUNTY_482","DeepSea",,,,"Bounty","Wanted_482","Square Lord",,
"Heist481","true","TID_HEIST_481","Default",,,,"Heist","Bankheist_481","iLast",,
"KingOfHill481","true","TID_HOTZONE_481","Default",,,,"KingOfHill","KingOfHill_481","Square Lord",,
"Knockout481",,"TID_KNOCKOUT_481","RumbleJungle",,,,"Knockout","Knockout_481","Oski 01",,
"Survival481","true","TID_SHOWDOWN_481","DefaultShowdown",,,,"Showdown","Survival_481","Blityc",,
"SurvivalTeam481","true","TID_SHOWDOWN_481","DefaultShowdown",,,,"DuoShowdown","Survival_481","Blityc",,
"Gemgrab482",,"TID_GEMGRAB_482","DeepSea",,,,"GemGrab","Gemgrab_482","Mordeus",,
"Wanted483",,"TID_BOUNTY_483","Default",,,,"Bounty","Wanted_483","Mordeus",,
"Heist482",,"TID_HEIST_482","StuntShow",,,,"Heist","Bankheist_482","Mordeus",,
"KingOfHill482",,"TID_HOTZONE_482","Default",,,,"KingOfHill","KingOfHill_482","Mordeus",,
"Knockout482","TRUE","TID_KNOCKOUT_482","Default",,,,"Knockout","Knockout_482","Mordeus",,
"Survival482",,"TID_SHOWDOWN_482","DefaultShowdown",,,,"Showdown","Survival_482","Mordeus",,
"SurvivalTeam482",,"TID_SHOWDOWN_482","DefaultShowdown",,,,"DuoShowdown","Survival_482","Mordeus",,
"Ball481","TRUE","TID_BRAWLBALL_481","Grassfield",,,,"BrawlBall","Laserball_481","Blityc",,
"Ball482","TRUE","TID_BRAWLBALL_482","Grassfield",,,,"BrawlBall","Laserball_482","Mordeus",,
"TagTeam481","TRUE","TID_TAGTEAM_481","Default",,,,"TagTeam","TagTeam_481",,,
"TagTeam482","TRUE","TID_TAGTEAM_482","Default",,,,"TagTeam","TagTeam_482",,,
"TagTeam483","TRUE","TID_TAGTEAM_483","Default",,,,"TagTeam","TagTeam_483",,,
"TagTeam484","TRUE","TID_TAGTEAM_484","Default",,,,"TagTeam","TagTeam_484",,,
"BasketBrawl481","true","TID_BASKET_481","Rooftop",,,,"BasketBrawl","BasketBrawl_481",,,
"BasketBrawl482","true","TID_BASKET_482","Rooftop",,,,"BasketBrawl","BasketBrawl_482",,,
"BasketBrawl483","true","TID_BASKET_483","Rooftop",,,,"BasketBrawl","BasketBrawl_483",,,
"BasketBrawl484","true","TID_BASKET_484","Rooftop",,,,"BasketBrawl","BasketBrawl_484",,,
"VolleyBrawl491",,"TID_VOLLEY_491","StuntShowVolley",,,,"VolleyBrawl","VolleyBrawl_491","Mordeus",,
"VolleyBrawl492",,"TID_VOLLEY_492","StuntShowVolley",,,,"VolleyBrawl","VolleyBrawl_492","Mordeus",,
"VolleyBrawl493",,"TID_VOLLEY_493","StuntShowVolley",,,,"VolleyBrawl","VolleyBrawl_493","Mordeus",,
"VolleyBrawl494","true","TID_VOLLEY_494","StuntShowVolley",,,,"VolleyBrawl","VolleyBrawl_494","Mordeus",,
"VolleyBrawl495",,"TID_VOLLEY_495","StuntShowVolley",,,,"VolleyBrawl","VolleyBrawl_495","Mordeus",,
"TagTeam491",,"TID_TAGTEAM_491","RumbleJungle",,,,"TagTeam","TagTeam_491","Mordeus",,
"TagTeam492",,"TID_TAGTEAM_492","RumbleJungle",,,,"TagTeam","TagTeam_492","Mordeus",,
"TagTeam493",,"TID_TAGTEAM_493","RumbleJungle",,,,"TagTeam","TagTeam_493","Mordeus",,
"TagTeam494","true","TID_TAGTEAM_494","RumbleJungle",,,,"TagTeam","TagTeam_494","Mordeus",,
"TagTeam495",,"TID_TAGTEAM_495","RumbleJungle",,,,"TagTeam","TagTeam_495","Mordeus",,
